1717773649,145615760,,DC1,DC2,DC3,DC4,DC5,DC6,-2,0,0,2,0,0,-1.10890750875114E-05,-1.10890750875114E-05,-1.10890750875114E-05,1.10890750875114E-05,1.10890750875114E-05,1.10890750875114E-05,0,0,0,0,0,0
1717773649,195035071,,DC1,DC2,DC3,DC4,DC5,DC6,-2,0,0,2,0,0,-1.0534621651459E-05,-1.0534621651459E-05,-1.0534621651459E-05,1.0534621651459E-05,1.0534621651459E-05,1.0534621651459E-05,0,0,0,0,0,0
1717773649,245078183,,DC1,DC2,DC3,DC4,DC5,DC6,-2,0,0,2,0,0,-1.00078905234113E-05,-1.00078905234113E-05,-1.00078905234113E-05,1.00078905234113E-05,1.00078905234113E-05,1.00078905234113E-05,0,0,0,0,0,0
1717773649,295375728,,DC1,DC2,DC3,DC4,DC5,DC6,-2,0,0,2,0,0,-9.50749563344289E-06,-9.50749563344289E-06,-9.50749563344289E-06,9.50749563344289E-06,9.50749563344289E-06,9.50749563344289E-06,0,0,0,0,0,0
1717773649,344940043,,DC1,DC2,DC3,DC4,DC5,DC6,-2,0,0,2,0,0,-9.03212094272021E-06,-9.03212094272021E-06,-9.03212094272021E-06,9.03212094272021E-06,9.03212094272021E-06,9.03212094272021E-06,0,0,0,0,0,0
1717773649,394951804,,DC1,DC2,DC3,DC4,DC5,DC6,-2,0,0,2,0,0,-8.58051498653367E-06,-8.58051498653367E-06,-8.58051498653367E-06,8.58051498653367E-06,8.58051498653367E-06,8.58051498653367E-06,0,0,0,0,0,0
1717773649,444991733,,DC1,DC2,DC3,DC4,DC5,DC6,-2,0,0,2,0,0,-8.15148905530805E-06,-8.15148905530805E-06,-8.15148905530805E-06,8.15148905530805E-06,8.15148905530805E-06,8.15148905530805E-06,0,0,0,0,0,0
1717773649,494982159,,DC1,DC2,DC3,DC4,DC5,DC6,-2,0,0,2,0,0,-7.74391446611844E-06,-7.74391446611844E-06,-7.74391446611844E-06,7.74391446611844E-06,7.74391446611844E-06,7.74391446611844E-06,0,0,0,0,0,0
1717773649,549443670,,DC1,DC2,DC3,DC4,DC5,DC6,-2,0,0,2,0,0,-7.35671892471146E-06,-7.35671892471146E-06,-7.35671892471146E-06,7.35671892471146E-06,7.35671892471146E-06,7.35671892471146E-06,0,0,0,0,0,0
1717773649,594319168,,DC1,DC2,DC3,DC4,DC5,DC6,-2,0,0,2,0,0,-6.98888288752642E-06,-6.98888288752642E-06,-6.98888288752642E-06,6.98888288752642E-06,6.98888288752642E-06,6.98888288752642E-06,0,0,0,0,0,0
1717773649,644584861,,DC1,DC2,DC3,DC4,DC5,DC6,-2,0,0,2,0,0,-6.63943865220062E-06,-6.63943865220062E-06,-6.63943865220062E-06,6.63943865220062E-06,6.63943865220062E-06,6.63943865220062E-06,0,0,0,0,0,0
1717773649,694988939,,DC1,DC2,DC3,DC4,DC5,DC6,-2,0,0,2,0,0,-6.30746671959059E-06,-6.30746671959059E-06,-6.30746671959059E-06,6.30746671959059E-06,6.30746671959059E-06,6.30746671959059E-06,0,0,0,0,0,0
1717773649,745109724,,DC1,DC2,DC3,DC4,DC5,DC6,-2,0,0,2,0,0,-5.99209352003527E-06,-5.99209352003527E-06,-5.99209352003527E-06,5.99209352003527E-06,5.99209352003527E-06,5.99209352003527E-06,0,0,0,0,0,0
1717773649,795291400,,DC1,DC2,DC3,DC4,DC5,DC6,-2,0,0,2,0,0,-5.69248868487193E-06,-5.69248868487193E-06,-5.69248868487193E-06,5.69248868487193E-06,5.69248868487193E-06,5.69248868487193E-06,0,0,0,0,0,0
1717773649,844577811,,DC1,DC2,DC3,DC4,DC5,DC6,-2,0,0,2,0,0,-5.40786459168885E-06,-5.40786459168885E-06,-5.40786459168885E-06,5.40786459168885E-06,5.40786459168885E-06,5.40786459168885E-06,0,0,0,0,0,0
1717773649,895171798,,DC1,DC2,DC3,DC4,DC5,DC6,-2,0,0,2,0,0,-5.13747136210441E-06,-5.13747136210441E-06,-5.13747136210441E-06,5.13747136210441E-06,5.13747136210441E-06,5.13747136210441E-06,0,0,0,0,0,0
1717773649,945162726,,DC1,DC2,DC3,DC4,DC5,DC6,-2,0,0,2,0,0,-4.88059777126182E-06,-4.88059777126182E-06,-4.88059777126182E-06,4.88059777126182E-06,4.88059777126182E-06,4.88059777126182E-06,0,0,0,0,0,0
1717773649,995224489,,DC1,DC2,DC3,DC4,DC5,DC6,-2,0,0,2,0,0,-4.63656760985032E-06,-4.63656760985032E-06,-4.63656760985032E-06,4.63656760985032E-06,4.63656760985032E-06,4.63656760985032E-06,0,0,0,0,0,0
1717773650,44918577,,DC1,DC2,DC3,DC4,DC5,DC6,-2,0,0,2,0,0,-4.4047392293578E-06,-4.4047392293578E-06,-4.4047392293578E-06,4.4047392293578E-06,4.4047392293578E-06,4.4047392293578E-06,0,0,0,0,0,0
1717773650,95126444,,DC1,DC2,DC3,DC4,DC5,DC6,-2,0,0,2,0,0,-4.18450235883938E-06,-4.18450235883938E-06,-4.18450235883938E-06,4.18450235883938E-06,4.18450235883938E-06,4.18450235883938E-06,0,0,0,0,0,0
1717773650,145133683,,DC1,DC2,DC3,DC4,DC5,DC6,-2,0,0,2,0,0,-3.97527719542268E-06,-3.97527719542268E-06,-3.97527719542268E-06,3.97527719542268E-06,3.97527719542268E-06,3.97527719542268E-06,0,0,0,0,0,0
1717773650,195433904,,DC1,DC2,DC3,DC4,DC5,DC6,-2,0,0,2,0,0,-3.77651349481312E-06,-3.77651349481312E-06,-3.77651349481312E-06,3.77651349481312E-06,3.77651349481312E-06,3.77651349481312E-06,0,0,0,0,0,0
1717773650,245804494,,DC1,DC2,DC3,DC4,DC5,DC6,-2,0,0,2,0,0,-3.58768784280983E-06,-3.58768784280983E-06,-3.58768784280983E-06,3.58768784280983E-06,3.58768784280983E-06,3.58768784280983E-06,0,0,0,0,0,0
1717773650,295280453,,DC1,DC2,DC3,DC4,DC5,DC6,-2,0,0,2,0,0,-3.40830342793197E-06,-3.40830342793197E-06,-3.40830342793197E-06,3.40830342793197E-06,3.40830342793197E-06,3.40830342793197E-06,0,0,0,0,0,0
1717773650,345136680,,DC1,DC2,DC3,DC4,DC5,DC6,-2,0,0,2,0,0,-3.23788822242932E-06,-3.23788822242932E-06,-3.23788822242932E-06,3.23788822242932E-06,3.23788822242932E-06,3.23788822242932E-06,0,0,0,0,0,0
1717773650,395038522,,DC1,DC2,DC3,DC4,DC5,DC6,-2,0,0,2,0,0,-3.0759938454139E-06,-3.0759938454139E-06,-3.0759938454139E-06,3.0759938454139E-06,3.0759938454139E-06,3.0759938454139E-06,0,0,0,0,0,0
1717773650,444735186,,DC1,DC2,DC3,DC4,DC5,DC6,-2,0,0,2,0,0,-2.92219419861794E-06,-2.92219419861794E-06,-2.92219419861794E-06,2.92219419861794E-06,2.92219419861794E-06,2.92219419861794E-06,0,0,0,0,0,0
1717773650,495266241,,DC1,DC2,DC3,DC4,DC5,DC6,-2,0,0,2,0,0,-2.77608432952547E-06,-2.77608432952547E-06,-2.77608432952547E-06,2.77608432952547E-06,2.77608432952547E-06,2.77608432952547E-06,0,0,0,0,0,0
1717773650,545112001,,DC1,DC2,DC3,DC4,DC5,DC6,-2,0,0,2,0,0,-2.63728020399867E-06,-2.63728020399867E-06,-2.63728020399867E-06,2.63728020399867E-06,2.63728020399867E-06,2.63728020399867E-06,0,0,0,0,0,0
1717773650,594736095,,DC1,DC2,DC3,DC4,DC5,DC6,-2,0,0,2,0,0,-2.50541620516742E-06,-2.50541620516742E-06,-2.50541620516742E-06,2.50541620516742E-06,2.50541620516742E-06,2.50541620516742E-06,0,0,0,0,0,0
1717773650,644808378,,DC1,DC2,DC3,DC4,DC5,DC6,-2,0,0,2,0,0,-2.380145360803E-06,-2.380145360803E-06,-2.380145360803E-06,2.380145360803E-06,2.380145360803E-06,2.380145360803E-06,0,0,0,0,0,0
1717773650,694974381,,DC1,DC2,DC3,DC4,DC5,DC6,-2,0,0,2,0,0,-2.26113797907601E-06,-2.26113797907601E-06,-2.26113797907601E-06,2.26113797907601E-06,2.26113797907601E-06,2.26113797907601E-06,0,0,0,0,0,0
1717773650,745036107,,DC1,DC2,DC3,DC4,DC5,DC6,-2,0,0,2,0,0,-2.14808119380905E-06,-2.14808119380905E-06,-2.14808119380905E-06,2.14808119380905E-06,2.14808119380905E-06,2.14808119380905E-06,0,0,0,0,0,0
1717773650,795018447,,DC1,DC2,DC3,DC4,DC5,DC6,-2,0,0,2,0,0,-2.04067714548728E-06,-2.04067714548728E-06,-2.04067714548728E-06,2.04067714548728E-06,2.04067714548728E-06,2.04067714548728E-06,0,0,0,0,0,0
1717773650,845305148,,DC1,DC2,DC3,DC4,DC5,DC6,-2,0,0,2,0,0,-1.93864320863213E-06,-1.93864320863213E-06,-1.93864320863213E-06,1.93864320863213E-06,1.93864320863213E-06,1.93864320863213E-06,0,0,0,0,0,0
1717773650,894977154,,DC1,DC2,DC3,DC4,DC5,DC6,-2,0,0,2,0,0,-1.84171108230657E-06,-1.84171108230657E-06,-1.84171108230657E-06,1.84171108230657E-06,1.84171108230657E-06,1.84171108230657E-06,0,0,0,0,0,0
1717773650,945048540,,DC1,DC2,DC3,DC4,DC5,DC6,-2,0,0,2,0,0,-1.74962553955993E-06,-1.74962553955993E-06,-1.74962553955993E-06,1.74962553955993E-06,1.74962553955993E-06,1.74962553955993E-06,0,0,0,0,0,0
1717773650,995222733,,DC1,DC2,DC3,DC4,DC5,DC6,-2,0,0,2,0,0,-1.66214431374101E-06,-1.66214431374101E-06,-1.66214431374101E-06,1.66214431374101E-06,1.66214431374101E-06,1.66214431374101E-06,0,0,0,0,0,0
1717773651,44917914,,DC1,DC2,DC3,DC4,DC5,DC6,-2,0,0,2,0,0,-1.57903707531659E-06,-1.57903707531659E-06,-1.57903707531659E-06,1.57903707531659E-06,1.57903707531659E-06,1.57903707531659E-06,0,0,0,0,0,0
1717773651,95019279,,DC1,DC2,DC3,DC4,DC5,DC6,-2,0,0,2,0,0,-1.50008520449774E-06,-1.50008520449774E-06,-1.50008520449774E-06,1.50008520449774E-06,1.50008520449774E-06,1.50008520449774E-06,0,0,0,0,0,0
1717773651,144622514,,DC1,DC2,DC3,DC4,DC5,DC6,-2,0,0,2,0,0,-1.42508099543193E-06,-1.42508099543193E-06,-1.42508099543193E-06,1.42508099543193E-06,1.42508099543193E-06,1.42508099543193E-06,0,0,0,0,0,0
1717773651,194712138,,DC1,DC2,DC3,DC4,DC5,DC6,-2,0,0,2,0,0,-1.3538268603952E-06,-1.3538268603952E-06,-1.3538268603952E-06,1.3538268603952E-06,1.3538268603952E-06,1.3538268603952E-06,0,0,0,0,0,0
1717773651,244648234,,DC1,DC2,DC3,DC4,DC5,DC6,-2,0,0,2,0,0,-1.28613555716584E-06,-1.28613555716584E-06,-1.28613555716584E-06,1.28613555716584E-06,1.28613555716584E-06,1.28613555716584E-06,0,0,0,0,0,0
1717773651,295423446,,DC1,DC2,DC3,DC4,DC5,DC6,-2,0,0,2,0,0,-1.22182882478228E-06,-1.22182882478228E-06,-1.22182882478228E-06,1.22182882478228E-06,1.22182882478228E-06,1.22182882478228E-06,0,0,0,0,0,0
1717773651,394560127,,DC1,DC2,DC3,DC4,DC5,DC6,-2,0,0,2,0,0,-1.10270048025996E-06,-1.10270048025996E-06,-1.10270048025996E-06,1.10270048025996E-06,1.10270048025996E-06,1.10270048025996E-06,0,0,0,0,0,0
1717773651,444631006,,DC1,DC2,DC3,DC4,DC5,DC6,-2,0,0,2,0,0,-1.04756543350959E-06,-1.04756543350959E-06,-1.04756543350959E-06,1.04756543350959E-06,1.04756543350959E-06,1.04756543350959E-06,0,0,0,0,0,0
1717773651,495201412,,DC1,DC2,DC3,DC4,DC5,DC6,-2,0,0,2,0,0,-9.95187178887136E-07,-9.95187178887136E-07,-9.95187178887136E-07,9.95187178887136E-07,9.95187178887136E-07,9.95187178887136E-07,0,0,0,0,0,0
1717773651,545153485,,DC1,DC2,DC3,DC4,DC5,DC6,-2,0,0,2,0,0,-9.45427814258437E-07,-9.45427814258437E-07,-9.45427814258437E-07,9.45427814258437E-07,9.45427814258437E-07,9.45427814258437E-07,0,0,0,0,0,0
1717773651,595035216,,DC1,DC2,DC3,DC4,DC5,DC6,-2,0,0,2,0,0,-8.98156429229857E-07,-8.98156429229857E-07,-8.98156429229857E-07,8.98156429229857E-07,8.98156429229857E-07,8.98156429229857E-07,0,0,0,0,0,0
1717773651,644724276,,DC1,DC2,DC3,DC4,DC5,DC6,-2,0,0,2,0,0,-8.5324859355751E-07,-8.5324859355751E-07,-8.5324859355751E-07,8.5324859355751E-07,8.5324859355751E-07,8.5324859355751E-07,0,0,0,0,0,0
1717773651,694929776,,DC1,DC2,DC3,DC4,DC5,DC6,-2,0,0,2,0,0,-8.10586186617002E-07,-8.10586186617002E-07,-8.10586186617002E-07,8.10586186617002E-07,8.10586186617002E-07,8.10586186617002E-07,0,0,0,0,0,0
1717773651,744919493,,DC1,DC2,DC3,DC4,DC5,DC6,-2,0,0,2,0,0,-7.70056885812664E-07,-7.70056885812664E-07,-7.70056885812664E-07,7.70056885812664E-07,7.70056885812664E-07,7.70056885812664E-07,0,0,0,0,0,0
1717773651,795196697,,DC1,DC2,DC3,DC4,DC5,DC6,-2,0,0,2,0,0,-7.31553996047296E-07,-7.31553996047296E-07,-7.31553996047296E-07,7.31553996047296E-07,7.31553996047296E-07,7.31553996047296E-07,0,0,0,0,0,0
1717773651,844851594,,DC1,DC2,DC3,DC4,DC5,DC6,-2,0,0,2,0,0,-6.94976336035325E-07,-6.94976336035325E-07,-6.94976336035325E-07,6.94976336035325E-07,6.94976336035325E-07,6.94976336035325E-07,0,0,0,0,0,0
1717773651,895374913,,DC1,DC2,DC3,DC4,DC5,DC6,-2,0,0,2,0,0,-6.60227499338362E-07,-6.60227499338362E-07,-6.60227499338362E-07,6.60227499338362E-07,6.60227499338362E-07,6.60227499338362E-07,0,0,0,0,0,0
1717773651,945391693,,DC1,DC2,DC3,DC4,DC5,DC6,-2,0,0,2,0,0,-6.27216138582298E-07,-6.27216138582298E-07,-6.27216138582298E-07,6.27216138582298E-07,6.27216138582298E-07,6.27216138582298E-07,0,0,0,0,0,0
1717773651,995229644,,DC1,DC2,DC3,DC4,DC5,DC6,-2,0,0,2,0,0,-5.95855340179696E-07,-5.95855340179696E-07,-5.95855340179696E-07,5.95855340179696E-07,5.95855340179696E-07,5.95855340179696E-07,0,0,0,0,0,0
1717773652,45397240,,DC1,DC2,DC3,DC4,DC5,DC6,-2,0,0,2,0,0,-5.6606256748637E-07,-5.6606256748637E-07,-5.6606256748637E-07,5.6606256748637E-07,5.6606256748637E-07,5.6606256748637E-07,0,0,0,0,0,0
1717773652,95262304,,DC1,DC2,DC3,DC4,DC5,DC6,-2,0,0,2,0,0,-5.37759433427709E-07,-5.37759433427709E-07,-5.37759433427709E-07,5.37759433427709E-07,5.37759433427709E-07,5.37759433427709E-07,0,0,0,0,0,0
1717773652,144976732,,DC1,DC2,DC3,DC4,DC5,DC6,-2,0,0,2,0,0,-5.10871473125008E-07,-5.10871473125008E-07,-5.10871473125008E-07,5.10871473125008E-07,5.10871473125008E-07,5.10871473125008E-07,0,0,0,0,0,0
1717773652,194751592,,DC1,DC2,DC3,DC4,DC5,DC6,-2,0,0,2,0,0,-4.85327859678364E-07,-4.85327859678364E-07,-4.85327859678364E-07,4.85327859678364E-07,4.85327859678364E-07,4.85327859678364E-07,0,0,0,0,0,0
1717773652,245146639,,DC1,DC2,DC3,DC4,DC5,DC6,-2,0,0,2,0,0,-4.61061489431813E-07,-4.61061489431813E-07,-4.61061489431813E-07,4.61061489431813E-07,4.61061489431813E-07,4.61061489431813E-07,0,0,0,0,0,0
1717773652,294793640,,DC1,DC2,DC3,DC4,DC5,DC6,-2,0,0,2,0,0,-4.38008413539137E-07,-4.38008413539137E-07,-4.38008413539137E-07,4.38008413539137E-07,4.38008413539137E-07,4.38008413539137E-07,0,0,0,0,0,0
1717773652,344866070,,DC1,DC2,DC3,DC4,DC5,DC6,-2,0,0,2,0,0,-4.1610800849412E-07,-4.1610800849412E-07,-4.1610800849412E-07,4.1610800849412E-07,4.1610800849412E-07,4.1610800849412E-07,0,0,0,0,0,0
1717773652,395380487,,DC1,DC2,DC3,DC4,DC5,DC6,-2,0,0,2,0,0,-3.95302606648329E-07,-3.95302606648329E-07,-3.95302606648329E-07,3.95302606648329E-07,3.95302606648329E-07,3.95302606648329E-07,0,0,0,0,0,0
1717773652,444577766,,DC1,DC2,DC3,DC4,DC5,DC6,-2,0,0,2,0,0,-3.755374677894E-07,-3.755374677894E-07,-3.755374677894E-07,3.755374677894E-07,3.755374677894E-07,3.755374677894E-07,0,0,0,0,0,0
1717773652,494902628,,DC1,DC2,DC3,DC4,DC5,DC6,-2,0,0,2,0,0,-3.56760580189075E-07,-3.56760580189075E-07,-3.56760580189075E-07,3.56760580189075E-07,3.56760580189075E-07,3.56760580189075E-07,0,0,0,0,0,0
1717773652,544593656,,DC1,DC2,DC3,DC4,DC5,DC6,-2,0,0,2,0,0,-3.38922575338074E-07,-3.38922575338074E-07,-3.38922575338074E-07,3.38922575338074E-07,3.38922575338074E-07,3.38922575338074E-07,0,0,0,0,0,0
1717773652,595144187,,DC1,DC2,DC3,DC4,DC5,DC6,-2,0,0,2,0,0,0.0398085936903954,0.0398085936903954,0.0398085936903954,-0.0398085936903954,-0.0398085936903954,-0.0398085936903954,0,0,0,0,0,0
1717773652,644740145,,DC1,DC2,DC3,DC4,DC5,DC6,-2,0,0,2,0,0,0.0776270851492882,0.0776270851492882,0.0776270851492882,-0.0776270851492882,-0.0776270851492882,-0.0776270851492882,0,0,0,0,0,0
1717773652,695036603,,DC1,DC2,DC3,DC4,DC5,DC6,-2,0,0,2,0,0,0.113554649055004,0.113554649055004,0.113554649055004,-0.113554649055004,-0.113554649055004,-0.113554649055004,0,0,0,0,0,0
1717773652,744702427,,DC1,DC2,DC3,DC4,DC5,DC6,-2,0,0,2,0,0,0.147685825824738,0.147685825824738,0.147685825824738,-0.147685825824738,-0.147685825824738,-0.147685825824738,0,0,0,0,0,0
1717773652,794973328,,DC1,DC2,DC3,DC4,DC5,DC6,-2,0,0,2,0,0,0.180110454559326,0.180110454559326,0.180110454559326,-0.180110454559326,-0.180110454559326,-0.180110454559326,0,0,0,0,0,0
1717773652,845041386,,DC1,DC2,DC3,DC4,DC5,DC6,-2,0,0,2,0,0,0.210913851857185,0.210913851857185,0.210913851857185,-0.210913851857185,-0.210913851857185,-0.210913851857185,0,0,0,0,0,0
1717773652,895151537,,DC1,DC2,DC3,DC4,DC5,DC6,-2,0,0,2,0,0,0.24017708003521,0.24017708003521,0.24017708003521,-0.24017708003521,-0.24017708003521,-0.24017708003521,0,0,0,0,0,0
1717773652,945156093,,DC1,DC2,DC3,DC4,DC5,DC6,-2,0,0,2,0,0,0.267977148294449,0.267977148294449,0.267977148294449,-0.267977148294449,-0.267977148294449,-0.267977148294449,0,0,0,0,0,0
1717773652,994927734,,DC1,DC2,DC3,DC4,DC5,DC6,-2,0,0,2,0,0,0.294387191534042,0.294387191534042,0.294387191534042,-0.294387191534042,-0.294387191534042,-0.294387191534042,0,0,0,0,0,0
1717773653,44741390,,DC1,DC2,DC3,DC4,DC5,DC6,-2,0,0,2,0,0,0.319476753473282,0.319476753473282,0.319476753473282,-0.319476753473282,-0.319476753473282,-0.319476753473282,0,0,0,0,0,0
1717773653,95234474,,DC1,DC2,DC3,DC4,DC5,DC6,-2,0,0,2,0,0,0.343311846256256,0.343311846256256,0.343311846256256,-0.343311846256256,-0.343311846256256,-0.343311846256256,0,0,0,0,0,0
1717773653,145175496,,DC1,DC2,DC3,DC4,DC5,DC6,-2,0,0,2,0,0,0.365955173969269,0.365955173969269,0.365955173969269,-0.365955173969269,-0.365955173969269,-0.365955173969269,0,0,0,0,0,0
1717773653,195461605,,DC1,DC2,DC3,DC4,DC5,DC6,-2,0,0,2,0,0,0.387466311454773,0.387466311454773,0.387466311454773,-0.387466311454773,-0.387466311454773,-0.387466311454773,0,0,0,0,0,0
1717773653,245068656,,DC1,DC2,DC3,DC4,DC5,DC6,-2,0,0,2,0,0,0.407901912927628,0.407901912927628,0.407901912927628,-0.407901912927628,-0.407901912927628,-0.407901912927628,0,0,0,0,0,0
1717773653,295175788,,DC1,DC2,DC3,DC4,DC5,DC6,-2,0,0,2,0,0,0.42731574177742,0.42731574177742,0.42731574177742,-0.42731574177742,-0.42731574177742,-0.42731574177742,0,0,0,0,0,0
1717773653,345574096,,DC1,DC2,DC3,DC4,DC5,DC6,-2,0,0,2,0,0,0.445758879184723,0.445758879184723,0.445758879184723,-0.445758879184723,-0.445758879184723,-0.445758879184723,0,0,0,0,0,0
1717773653,395469401,,DC1,DC2,DC3,DC4,DC5,DC6,-2,0,0,2,0,0,0.463279843330383,0.463279843330383,0.463279843330383,-0.463279843330383,-0.463279843330383,-0.463279843330383,0,0,0,0,0,0
1717773653,444731189,,DC1,DC2,DC3,DC4,DC5,DC6,-2,0,0,2,0,0,0.479924768209457,0.479924768209457,0.479924768209457,-0.479924768209457,-0.479924768209457,-0.479924768209457,0,0,0,0,0,0
1717773653,494697483,,DC1,DC2,DC3,DC4,DC5,DC6,-2,0,0,2,0,0,0.495737463235855,0.495737463235855,0.495737463235855,-0.495737463235855,-0.495737463235855,-0.495737463235855,0,0,0,0,0,0
1717773653,544883540,,DC1,DC2,DC3,DC4,DC5,DC6,-2,0,0,2,0,0,0.510759472846985,0.510759472846985,0.510759472846985,-0.510759472846985,-0.510759472846985,-0.510759472846985,0,0,0,0,0,0
1717773653,594885210,,DC1,DC2,DC3,DC4,DC5,DC6,-2,0,0,2,0,0,0.525030434131622,0.525030434131622,0.525030434131622,-0.525030434131622,-0.525030434131622,-0.525030434131622,0,0,0,0,0,0
1717773653,644852357,,DC1,DC2,DC3,DC4,DC5,DC6,-2,0,0,2,0,0,0.538587808609009,0.538587808609009,0.538587808609009,-0.538587808609009,-0.538587808609009,-0.538587808609009,0,0,0,0,0,0
1717773653,695126907,,DC1,DC2,DC3,DC4,DC5,DC6,-2,0,0,2,0,0,0.55146735906601,0.55146735906601,0.55146735906601,-0.55146735906601,-0.55146735906601,-0.55146735906601,0,0,0,0,0,0
1717773653,744856665,,DC1,DC2,DC3,DC4,DC5,DC6,-2,0,0,2,0,0,0.563702881336212,0.563702881336212,0.563702881336212,-0.563702881336212,-0.563702881336212,-0.563702881336212,0,0,0,0,0,0
1717773653,795138798,,DC1,DC2,DC3,DC4,DC5,DC6,-2,0,0,2,0,0,0.575326681137085,0.575326681137085,0.575326681137085,-0.575326681137085,-0.575326681137085,-0.575326681137085,0,0,0,0,0,0
1717773653,845361920,,DC1,DC2,DC3,DC4,DC5,DC6,-2,0,0,2,0,0,0.586369276046753,0.586369276046753,0.586369276046753,-0.586369276046753,-0.586369276046753,-0.586369276046753,0,0,0,0,0,0
1717773653,895268155,,DC1,DC2,DC3,DC4,DC5,DC6,-2,0,0,2,0,0,0.596859693527222,0.596859693527222,0.596859693527222,-0.596859693527222,-0.596859693527222,-0.596859693527222,0,0,0,0,0,0
1717773653,944683775,,DC1,DC2,DC3,DC4,DC5,DC6,-2,0,0,2,0,0,0.606825649738312,0.606825649738312,0.606825649738312,-0.606825649738312,-0.606825649738312,-0.606825649738312,0,0,0,0,0,0
1717773653,994808998,,DC1,DC2,DC3,DC4,DC5,DC6,-2,0,0,2,0,0,0.61629331111908,0.61629331111908,0.61629331111908,-0.61629331111908,-0.61629331111908,-0.61629331111908,0,0,0,0,0,0
1717773654,45591715,,DC1,DC2,DC3,DC4,DC5,DC6,-2,0,0,2,0,0,0.625287532806397,0.625287532806397,0.625287532806397,-0.625287532806397,-0.625287532806397,-0.625287532806397,0,0,0,0,0,0
1717773654,95299821,,DC1,DC2,DC3,DC4,DC5,DC6,-2,0,0,2,0,0,0.633832097053528,0.633832097053528,0.633832097053528,-0.633832097053528,-0.633832097053528,-0.633832097053528,0,0,0,0,0,0
1717773654,145727233,,DC1,DC2,DC3,DC4,DC5,DC6,-2,0,0,2,0,0,0.641949415206909,0.641949415206909,0.641949415206909,-0.641949415206909,-0.641949415206909,-0.641949415206909,0,0,0,0,0,0
1717773654,195302093,,DC1,DC2,DC3,DC4,DC5,DC6,-2,0,0,2,0,0,0.64966082572937,0.64966082572937,0.64966082572937,-0.64966082572937,-0.64966082572937,-0.64966082572937,0,0,0,0,0,0
1717773654,245051043,,DC1,DC2,DC3,DC4,DC5,DC6,-2,0,0,2,0,0,0.656986713409424,0.656986713409424,0.656986713409424,-0.656986713409424,-0.656986713409424,-0.656986713409424,0,0,0,0,0,0
1717773654,295369941,,DC1,DC2,DC3,DC4,DC5,DC6,-2,0,0,2,0,0,0.663946270942688,0.663946270942688,0.663946270942688,-0.663946270942688,-0.663946270942688,-0.663946270942688,0,0,0,0,0,0
1717773654,344628438,,DC1,DC2,DC3,DC4,DC5,DC6,-2,0,0,2,0,0,0.670557916164398,0.670557916164398,0.670557916164398,-0.670557916164398,-0.670557916164398,-0.670557916164398,0,0,0,0,0,0
1717773654,394592684,,DC1,DC2,DC3,DC4,DC5,DC6,-2,0,0,2,0,0,0.676838934421539,0.676838934421539,0.676838934421539,-0.676838934421539,-0.676838934421539,-0.676838934421539,0,0,0,0,0,0
1717773654,445180793,,DC1,DC2,DC3,DC4,DC5,DC6,-2,0,0,2,0,0,0.682805895805359,0.682805895805359,0.682805895805359,-0.682805895805359,-0.682805895805359,-0.682805895805359,0,0,0,0,0,0
1717773654,495046976,,DC1,DC2,DC3,DC4,DC5,DC6,-2,0,0,2,0,0,0.688474535942078,0.688474535942078,0.688474535942078,-0.688474535942078,-0.688474535942078,-0.688474535942078,0,0,0,0,0,0
1717773654,544741407,,DC1,DC2,DC3,DC4,DC5,DC6,-2,0,0,2,0,0,0.693859696388245,0.693859696388245,0.693859696388245,-0.693859696388245,-0.693859696388245,-0.693859696388245,0,0,0,0,0,0
1717773654,594965790,,DC1,DC2,DC3,DC4,DC5,DC6,-2,0,0,2,0,0,0.698975622653961,0.698975622653961,0.698975622653961,-0.698975622653961,-0.698975622653961,-0.698975622653961,0,0,0,0,0,0
1717773654,644761617,,DC1,DC2,DC3,DC4,DC5,DC6,-2,0,0,2,0,0,0.703835785388947,0.703835785388947,0.703835785388947,-0.703835785388947,-0.703835785388947,-0.703835785388947,0,0,0,0,0,0
1717773654,695459960,,DC1,DC2,DC3,DC4,DC5,DC6,-2,0,0,2,0,0,0.708452880382538,0.708452880382538,0.708452880382538,-0.708452880382538,-0.708452880382538,-0.708452880382538,0,0,0,0,0,0
1717773654,744819241,,DC1,DC2,DC3,DC4,DC5,DC6,-2,0,0,2,0,0,0.712839186191559,0.712839186191559,0.712839186191559,-0.712839186191559,-0.712839186191559,-0.712839186191559,0,0,0,0,0,0
1717773654,795072885,,DC1,DC2,DC3,DC4,DC5,DC6,-2,0,0,2,0,0,0.717006146907806,0.717006146907806,0.717006146907806,-0.717006146907806,-0.717006146907806,-0.717006146907806,0,0,0,0,0,0
1717773654,845316237,,DC1,DC2,DC3,DC4,DC5,DC6,-2,0,0,2,0,0,0.720964729785919,0.720964729785919,0.720964729785919,-0.720964729785919,-0.720964729785919,-0.720964729785919,0,0,0,0,0,0
1717773654,895265288,,DC1,DC2,DC3,DC4,DC5,DC6,-2,0,0,2,0,0,0.724725425243378,0.724725425243378,0.724725425243378,-0.724725425243378,-0.724725425243378,-0.724725425243378,0,0,0,0,0,0
1717773654,945647494,,DC1,DC2,DC3,DC4,DC5,DC6,-2,0,0,2,0,0,0.72829806804657,0.72829806804657,0.72829806804657,-0.72829806804657,-0.72829806804657,-0.72829806804657,0,0,0,0,0,0
1717773654,995018203,,DC1,DC2,DC3,DC4,DC5,DC6,-2,0,0,2,0,0,0.73169207572937,0.73169207572937,0.73169207572937,-0.73169207572937,-0.73169207572937,-0.73169207572937,0,0,0,0,0,0
1717773655,45941728,,DC1,DC2,DC3,DC4,DC5,DC6,-2,0,0,2,0,0,0.734916388988495,0.734916388988495,0.734916388988495,-0.734916388988495,-0.734916388988495,-0.734916388988495,0,0,0,0,0,0
1717773655,95308091,,DC1,DC2,DC3,DC4,DC5,DC6,-2,0,0,2,0,0,0.737979471683502,0.737979471683502,0.737979471683502,-0.737979471683502,-0.737979471683502,-0.737979471683502,0,0,0,0,0,0
1717773655,144561155,,DC1,DC2,DC3,DC4,DC5,DC6,-2,0,0,2,0,0,0.740889430046082,0.740889430046082,0.740889430046082,-0.740889430046082,-0.740889430046082,-0.740889430046082,0,0,0,0,0,0
1717773655,194547907,,DC1,DC2,DC3,DC4,DC5,DC6,-2,0,0,2,0,0,0.743653893470764,0.743653893470764,0.743653893470764,-0.743653893470764,-0.743653893470764,-0.743653893470764,0,0,0,0,0,0
1717773655,244659627,,DC1,DC2,DC3,DC4,DC5,DC6,-2,0,0,2,0,0,0.746280074119568,0.746280074119568,0.746280074119568,-0.746280074119568,-0.746280074119568,-0.746280074119568,0,0,0,0,0,0
1717773655,294443050,,DC1,DC2,DC3,DC4,DC5,DC6,-2,0,0,2,0,0,0.748775005340576,0.748775005340576,0.748775005340576,-0.748775005340576,-0.748775005340576,-0.748775005340576,0,0,0,0,0,0
1717773655,344652480,,DC1,DC2,DC3,DC4,DC5,DC6,-2,0,0,2,0,0,0.75114518404007,0.75114518404007,0.75114518404007,-0.75114518404007,-0.75114518404007,-0.75114518404007,0,0,0,0,0,0
1717773655,394586208,,DC1,DC2,DC3,DC4,DC5,DC6,-2,0,0,2,0,0,0.75339686870575,0.75339686870575,0.75339686870575,-0.75339686870575,-0.75339686870575,-0.75339686870575,0,0,0,0,0,0
1717773655,444388630,,DC1,DC2,DC3,DC4,DC5,DC6,-2,0,0,2,0,0,0.755535900592804,0.755535900592804,0.755535900592804,-0.755535900592804,-0.755535900592804,-0.755535900592804,0,0,0,0,0,0
1717773655,494675095,,DC1,DC2,DC3,DC4,DC5,DC6,-2,0,0,2,0,0,0.757568061351776,0.757568061351776,0.757568061351776,-0.757568061351776,-0.757568061351776,-0.757568061351776,0,0,0,0,0,0
1717773655,544882270,,DC1,DC2,DC3,DC4,DC5,DC6,-2,0,0,2,0,0,0.759498536586762,0.759498536586762,0.759498536586762,-0.759498536586762,-0.759498536586762,-0.759498536586762,0,0,0,0,0,0
1717773655,594953130,,DC1,DC2,DC3,DC4,DC5,DC6,-2,0,0,2,0,0,0.761332511901856,0.761332511901856,0.761332511901856,-0.761332511901856,-0.761332511901856,-0.761332511901856,0,0,0,0,0,0
1717773655,644674717,,DC1,DC2,DC3,DC4,DC5,DC6,-2,0,0,2,0,0,0.763074815273285,0.763074815273285,0.763074815273285,-0.763074815273285,-0.763074815273285,-0.763074815273285,0,0,0,0,0,0
1717773655,694483480,,DC1,DC2,DC3,DC4,DC5,DC6,-2,0,0,2,0,0,0.764730036258698,0.764730036258698,0.764730036258698,-0.764730036258698,-0.764730036258698,-0.764730036258698,0,0,0,0,0,0
1717773655,744608058,,DC1,DC2,DC3,DC4,DC5,DC6,-2,0,0,2,0,0,0.766302406787872,0.766302406787872,0.766302406787872,-0.766302406787872,-0.766302406787872,-0.766302406787872,0,0,0,0,0,0
1717773655,794412960,,DC1,DC2,DC3,DC4,DC5,DC6,-2,0,0,2,0,0,0.767796218395233,0.767796218395233,0.767796218395233,-0.767796218395233,-0.767796218395233,-0.767796218395233,0,0,0,0,0,0
1717773655,844575656,,DC1,DC2,DC3,DC4,DC5,DC6,-2,0,0,2,0,0,0.76921534538269,0.76921534538269,0.76921534538269,-0.76921534538269,-0.76921534538269,-0.76921534538269,0,0,0,0,0,0
1717773655,894690228,,DC1,DC2,DC3,DC4,DC5,DC6,-2,0,0,2,0,0,0.77056348323822,0.77056348323822,0.77056348323822,-0.77056348323822,-0.77056348323822,-0.77056348323822,0,0,0,0,0,0
1717773655,944889662,,DC1,DC2,DC3,DC4,DC5,DC6,-2,0,0,2,0,0,0.771844208240509,0.771844208240509,0.771844208240509,-0.771844208240509,-0.771844208240509,-0.771844208240509,0,0,0,0,0,0
1717773655,995101121,,DC1,DC2,DC3,DC4,DC5,DC6,-2,0,0,2,0,0,0.773060917854309,0.773060917854309,0.773060917854309,-0.773060917854309,-0.773060917854309,-0.773060917854309,0,0,0,0,0,0
1717773656,44595678,,DC1,DC2,DC3,DC4,DC5,DC6,-2,0,0,2,0,0,0.774216771125793,0.774216771125793,0.774216771125793,-0.774216771125793,-0.774216771125793,-0.774216771125793,0,0,0,0,0,0
1717773656,94820168,,DC1,DC2,DC3,DC4,DC5,DC6,-2,0,0,2,0,0,0.775314867496491,0.775314867496491,0.775314867496491,-0.775314867496491,-0.775314867496491,-0.775314867496491,0,0,0,0,0,0
1717773656,144796641,,DC1,DC2,DC3,DC4,DC5,DC6,-2,0,0,2,0,0,0.776358067989349,0.776358067989349,0.776358067989349,-0.776358067989349,-0.776358067989349,-0.776358067989349,0,0,0,0,0,0
1717773656,194887911,,DC1,DC2,DC3,DC4,DC5,DC6,-2,0,0,2,0,0,0.777349054813385,0.777349054813385,0.777349054813385,-0.777349054813385,-0.777349054813385,-0.777349054813385,0,0,0,0,0,0
1717773656,245545793,,DC1,DC2,DC3,DC4,DC5,DC6,-2,0,0,2,0,0,0.778290510177612,0.778290510177612,0.778290510177612,-0.778290510177612,-0.778290510177612,-0.778290510177612,0,0,0,0,0,0
1717773656,294599295,,DC1,DC2,DC3,DC4,DC5,DC6,-2,0,0,2,0,0,0.779184937477112,0.779184937477112,0.779184937477112,-0.779184937477112,-0.779184937477112,-0.779184937477112,0,0,0,0,0,0
1717773656,344841458,,DC1,DC2,DC3,DC4,DC5,DC6,-2,0,0,2,0,0,0.780034601688385,0.780034601688385,0.780034601688385,-0.780034601688385,-0.780034601688385,-0.780034601688385,0,0,0,0,0,0
1717773656,395201167,,DC1,DC2,DC3,DC4,DC5,DC6,-2,0,0,2,0,0,0.780841767787933,0.780841767787933,0.780841767787933,-0.780841767787933,-0.780841767787933,-0.780841767787933,0,0,0,0,0,0
1717773656,444619025,,DC1,DC2,DC3,DC4,DC5,DC6,-2,0,0,2,0,0,0.781608581542969,0.781608581542969,0.781608581542969,-0.781608581542969,-0.781608581542969,-0.781608581542969,0,0,0,0,0,0
1717773656,495100506,,DC1,DC2,DC3,DC4,DC5,DC6,-2,0,0,2,0,0,0.782337069511414,0.782337069511414,0.782337069511414,-0.782337069511414,-0.782337069511414,-0.782337069511414,0,0,0,0,0,0
1717773656,545779986,,DC1,DC2,DC3,DC4,DC5,DC6,-2,0,0,2,0,0,0.783029139041901,0.783029139041901,0.783029139041901,-0.783029139041901,-0.783029139041901,-0.783029139041901,0,0,0,0,0,0
1717773656,594592638,,DC1,DC2,DC3,DC4,DC5,DC6,-2,0,0,2,0,0,0.783686637878418,0.783686637878418,0.783686637878418,-0.783686637878418,-0.783686637878418,-0.783686637878418,0,0,0,0,0,0
1717773656,644637174,,DC1,DC2,DC3,DC4,DC5,DC6,-2,0,0,2,0,0,0.784311175346375,0.784311175346375,0.784311175346375,-0.784311175346375,-0.784311175346375,-0.784311175346375,0,0,0,0,0,0
1717773656,694707502,,DC1,DC2,DC3,DC4,DC5,DC6,-2,0,0,2,0,0,0.784904539585114,0.784904539585114,0.784904539585114,-0.784904539585114,-0.784904539585114,-0.784904539585114,0,0,0,0,0,0
1717773656,745032851,,DC1,DC2,DC3,DC4,DC5,DC6,-2,0,0,2,0,0,0.785468220710754,0.785468220710754,0.785468220710754,-0.785468220710754,-0.785468220710754,-0.785468220710754,0,0,0,0,0,0
1717773656,794705782,,DC1,DC2,DC3,DC4,DC5,DC6,-2,0,0,2,0,0,0.786003768444061,0.786003768444061,0.786003768444061,-0.786003768444061,-0.786003768444061,-0.786003768444061,0,0,0,0,0,0
1717773656,844817821,,DC1,DC2,DC3,DC4,DC5,DC6,-2,0,0,2,0,0,0.786512494087219,0.786512494087219,0.786512494087219,-0.786512494087219,-0.786512494087219,-0.786512494087219,0,0,0,0,0,0
1717773656,894970691,,DC1,DC2,DC3,DC4,DC5,DC6,-2,0,0,2,0,0,0.786995768547058,0.786995768547058,0.786995768547058,-0.786995768547058,-0.786995768547058,-0.786995768547058,0,0,0,0,0,0
1717773656,944639308,,DC1,DC2,DC3,DC4,DC5,DC6,-2,0,0,2,0,0,0.787454903125763,0.787454903125763,0.787454903125763,-0.787454903125763,-0.787454903125763,-0.787454903125763,0,0,0,0,0,0
1717773656,995001576,,DC1,DC2,DC3,DC4,DC5,DC6,-2,0,0,2,0,0,0.787891089916229,0.787891089916229,0.787891089916229,-0.787891089916229,-0.787891089916229,-0.787891089916229,0,0,0,0,0,0
1717773657,44942048,,DC1,DC2,DC3,DC4,DC5,DC6,-2,0,0,2,0,0,0.788305461406708,0.788305461406708,0.788305461406708,-0.788305461406708,-0.788305461406708,-0.788305461406708,0,0,0,0,0,0
1717773657,95231987,,DC1,DC2,DC3,DC4,DC5,DC6,-2,0,0,2,0,0,0.788699090480804,0.788699090480804,0.788699090480804,-0.788699090480804,-0.788699090480804,-0.788699090480804,0,0,0,0,0,0
1717773657,144887320,,DC1,DC2,DC3,DC4,DC5,DC6,-2,0,0,2,0,0,0.789073050022125,0.789073050022125,0.789073050022125,-0.789073050022125,-0.789073050022125,-0.789073050022125,0,0,0,0,0,0
1717773657,194859682,,DC1,DC2,DC3,DC4,DC5,DC6,-2,0,0,2,0,0,0.789428293704987,0.789428293704987,0.789428293704987,-0.789428293704987,-0.789428293704987,-0.789428293704987,0,0,0,0,0,0
1717773657,244887961,,DC1,DC2,DC3,DC4,DC5,DC6,-2,0,0,2,0,0,0.78976583480835,0.78976583480835,0.78976583480835,-0.78976583480835,-0.78976583480835,-0.78976583480835,0,0,0,0,0,0
1717773657,295346302,,DC1,DC2,DC3,DC4,DC5,DC6,-2,0,0,2,0,0,0.790086448192596,0.790086448192596,0.790086448192596,-0.790086448192596,-0.790086448192596,-0.790086448192596,0,0,0,0,0,0
1717773657,344781292,,DC1,DC2,DC3,DC4,DC5,DC6,-2,0,0,2,0,0,0.790391027927399,0.790391027927399,0.790391027927399,-0.790391027927399,-0.790391027927399,-0.790391027927399,0,0,0,0,0,0
1717773657,394873077,,DC1,DC2,DC3,DC4,DC5,DC6,-2,0,0,2,0,0,0.790680408477783,0.790680408477783,0.790680408477783,-0.790680408477783,-0.790680408477783,-0.790680408477783,0,0,0,0,0,0
1717773657,444484709,,DC1,DC2,DC3,DC4,DC5,DC6,-2,0,0,2,0,0,0.790955305099487,0.790955305099487,0.790955305099487,-0.790955305099487,-0.790955305099487,-0.790955305099487,0,0,0,0,0,0
1717773657,494997989,,DC1,DC2,DC3,DC4,DC5,DC6,-2,0,0,2,0,0,0.791216433048248,0.791216433048248,0.791216433048248,-0.791216433048248,-0.791216433048248,-0.791216433048248,0,0,0,0,0,0
1717773657,544783903,,DC1,DC2,DC3,DC4,DC5,DC6,-2,0,0,2,0,0,0.791464567184448,0.791464567184448,0.791464567184448,-0.791464567184448,-0.791464567184448,-0.791464567184448,0,0,0,0,0,0
1717773657,594882967,,DC1,DC2,DC3,DC4,DC5,DC6,-2,0,0,2,0,0,0.79170024394989,0.79170024394989,0.79170024394989,-0.79170024394989,-0.79170024394989,-0.79170024394989,0,0,0,0,0,0
1717773657,644606653,,DC1,DC2,DC3,DC4,DC5,DC6,-2,0,0,2,0,0,0.791924118995667,0.791924118995667,0.791924118995667,-0.791924118995667,-0.791924118995667,-0.791924118995667,0,0,0,0,0,0
1717773657,695276771,,DC1,DC2,DC3,DC4,DC5,DC6,-2,0,0,2,0,0,0.79213684797287,0.79213684797287,0.79213684797287,-0.79213684797287,-0.79213684797287,-0.79213684797287,0,0,0,0,0,0
A message was lost!!!,,,,,,,,,,,,,,,,,,,,,,,,,,
,total count change:1,,,,,,,,,,,,,,,,,,,,,,,,,
,total count: 1---,,,,,,,,,,,,,,,,,,,,,,,,,
1717773657,795414901,,DC1,DC2,DC3,DC4,DC5,DC6,-2,0,0,2,0,0,0.79253089427948,0.79253089427948,0.79253089427948,-0.79253089427948,-0.79253089427948,-0.79253089427948,0,0,0,0,0,0
1717773657,845523306,,DC1,DC2,DC3,DC4,DC5,DC6,-2,0,0,2,0,0,0.792713284492493,0.792713284492493,0.792713284492493,-0.792713284492493,-0.792713284492493,-0.792713284492493,0,0,0,0,0,0
1717773657,895157683,,DC1,DC2,DC3,DC4,DC5,DC6,-2,0,0,2,0,0,0.79288649559021,0.79288649559021,0.79288649559021,-0.79288649559021,-0.79288649559021,-0.79288649559021,0,0,0,0,0,0
1717773657,944529895,,DC1,DC2,DC3,DC4,DC5,DC6,-2,0,0,2,0,0,0.79305112361908,0.79305112361908,0.79305112361908,-0.79305112361908,-0.79305112361908,-0.79305112361908,0,0,0,0,0,0
1717773657,994814528,,DC1,DC2,DC3,DC4,DC5,DC6,-2,0,0,2,0,0,0.793207466602325,0.793207466602325,0.793207466602325,-0.793207466602325,-0.793207466602325,-0.793207466602325,0,0,0,0,0,0
1717773658,45182220,,DC1,DC2,DC3,DC4,DC5,DC6,-2,0,0,2,0,0,0.793356001377106,0.793356001377106,0.793356001377106,-0.793356001377106,-0.793356001377106,-0.793356001377106,0,0,0,0,0,0
1717773658,95138423,,DC1,DC2,DC3,DC4,DC5,DC6,-2,0,0,2,0,0,0.793497145175934,0.793497145175934,0.793497145175934,-0.793497145175934,-0.793497145175934,-0.793497145175934,0,0,0,0,0,0
1717773658,144829790,,DC1,DC2,DC3,DC4,DC5,DC6,-2,0,0,2,0,0,0.793631196022034,0.793631196022034,0.793631196022034,-0.793631196022034,-0.793631196022034,-0.793631196022034,0,0,0,0,0,0
1717773658,195018804,,DC1,DC2,DC3,DC4,DC5,DC6,-2,0,0,2,0,0,0.793758571147919,0.793758571147919,0.793758571147919,-0.793758571147919,-0.793758571147919,-0.793758571147919,0,0,0,0,0,0
1717773658,244924009,,DC1,DC2,DC3,DC4,DC5,DC6,-2,0,0,2,0,0,0.793879568576813,0.793879568576813,0.793879568576813,-0.793879568576813,-0.793879568576813,-0.793879568576813,0,0,0,0,0,0
1717773658,294997089,,DC1,DC2,DC3,DC4,DC5,DC6,-2,0,0,2,0,0,0.79399448633194,0.79399448633194,0.79399448633194,-0.79399448633194,-0.79399448633194,-0.79399448633194,0,0,0,0,0,0
1717773658,344770608,,DC1,DC2,DC3,DC4,DC5,DC6,-2,0,0,2,0,0,0.794103682041168,0.794103682041168,0.794103682041168,-0.794103682041168,-0.794103682041168,-0.794103682041168,0,0,0,0,0,0
1717773658,394879414,,DC1,DC2,DC3,DC4,DC5,DC6,-2,0,0,2,0,0,0.794207394123077,0.794207394123077,0.794207394123077,-0.794207394123077,-0.794207394123077,-0.794207394123077,0,0,0,0,0,0
1717773658,444567424,,DC1,DC2,DC3,DC4,DC5,DC6,-2,0,0,2,0,0,0.794305980205536,0.794305980205536,0.794305980205536,-0.794305980205536,-0.794305980205536,-0.794305980205536,0,0,0,0,0,0
1717773658,495601113,,DC1,DC2,DC3,DC4,DC5,DC6,-2,0,0,2,0,0,0.794399559497833,0.794399559497833,0.794399559497833,-0.794399559497833,-0.794399559497833,-0.794399559497833,0,0,0,0,0,0
1717773658,545418890,,DC1,DC2,DC3,DC4,DC5,DC6,-2,0,0,2,0,0,0.794488489627838,0.794488489627838,0.794488489627838,-0.794488489627838,-0.794488489627838,-0.794488489627838,0,0,0,0,0,0
1717773658,594758695,,DC1,DC2,DC3,DC4,DC5,DC6,-2,0,0,2,0,0,0.79457300901413,0.79457300901413,0.79457300901413,-0.79457300901413,-0.79457300901413,-0.79457300901413,0,0,0,0,0,0
1717773658,644664500,,DC1,DC2,DC3,DC4,DC5,DC6,-2,0,0,2,0,0,0.794653296470642,0.794653296470642,0.794653296470642,-0.794653296470642,-0.794653296470642,-0.794653296470642,0,0,0,0,0,0
1717773658,695013133,,DC1,DC2,DC3,DC4,DC5,DC6,-2,0,0,2,0,0,0.79472953081131,0.79472953081131,0.79472953081131,-0.79472953081131,-0.79472953081131,-0.79472953081131,0,0,0,0,0,0
1717773658,744803821,,DC1,DC2,DC3,DC4,DC5,DC6,-2,0,0,2,0,0,0.794801950454712,0.794801950454712,0.794801950454712,-0.794801950454712,-0.794801950454712,-0.794801950454712,0,0,0,0,0,0
1717773658,795420931,,DC1,DC2,DC3,DC4,DC5,DC6,-2,0,0,2,0,0,0.794870793819428,0.794870793819428,0.794870793819428,-0.794870793819428,-0.794870793819428,-0.794870793819428,0,0,0,0,0,0
1717773658,845778222,,DC1,DC2,DC3,DC4,DC5,DC6,-2,0,0,2,0,0,0.794936180114746,0.794936180114746,0.794936180114746,-0.794936180114746,-0.794936180114746,-0.794936180114746,0,0,0,0,0,0
1717773658,895347956,,DC1,DC2,DC3,DC4,DC5,DC6,-2,0,0,2,0,0,0.794998288154602,0.794998288154602,0.794998288154602,-0.794998288154602,-0.794998288154602,-0.794998288154602,0,0,0,0,0,0
1717773658,945230918,,DC1,DC2,DC3,DC4,DC5,DC6,-2,0,0,2,0,0,0.79505729675293,0.79505729675293,0.79505729675293,-0.79505729675293,-0.79505729675293,-0.79505729675293,0,0,0,0,0,0
1717773658,995323233,,DC1,DC2,DC3,DC4,DC5,DC6,-2,0,0,2,0,0,0.795113325119019,0.795113325119019,0.795113325119019,-0.795113325119019,-0.795113325119019,-0.795113325119019,0,0,0,0,0,0
1717773659,45024643,,DC1,DC2,DC3,DC4,DC5,DC6,-2,0,0,2,0,0,0.795166552066803,0.795166552066803,0.795166552066803,-0.795166552066803,-0.795166552066803,-0.795166552066803,0,0,0,0,0,0
1717773659,95480025,,DC1,DC2,DC3,DC4,DC5,DC6,-2,0,0,2,0,0,0.795217156410217,0.795217156410217,0.795217156410217,-0.795217156410217,-0.795217156410217,-0.795217156410217,0,0,0,0,0,0
1717773659,145171917,,DC1,DC2,DC3,DC4,DC5,DC6,-2,0,0,2,0,0,0.795265197753906,0.795265197753906,0.795265197753906,-0.795265197753906,-0.795265197753906,-0.795265197753906,0,0,0,0,0,0
1717773659,195169562,,DC1,DC2,DC3,DC4,DC5,DC6,-2,0,0,2,0,0,0.795310854911804,0.795310854911804,0.795310854911804,-0.795310854911804,-0.795310854911804,-0.795310854911804,0,0,0,0,0,0
1717773659,244703868,,DC1,DC2,DC3,DC4,DC5,DC6,-2,0,0,2,0,0,0.795354247093201,0.795354247093201,0.795354247093201,-0.795354247093201,-0.795354247093201,-0.795354247093201,0,0,0,0,0,0
1717773659,295533293,,DC1,DC2,DC3,DC4,DC5,DC6,-2,0,0,2,0,0,0.795395433902741,0.795395433902741,0.795395433902741,-0.795395433902741,-0.795395433902741,-0.795395433902741,0,0,0,0,0,0
1717773659,345142084,,DC1,DC2,DC3,DC4,DC5,DC6,-2,0,0,2,0,0,0.795434594154358,0.795434594154358,0.795434594154358,-0.795434594154358,-0.795434594154358,-0.795434594154358,0,0,0,0,0,0
1717773659,395629137,,DC1,DC2,DC3,DC4,DC5,DC6,-2,0,0,2,0,0,0.795471787452698,0.795471787452698,0.795471787452698,-0.795471787452698,-0.795471787452698,-0.795471787452698,0,0,0,0,0,0
1717773659,444607857,,DC1,DC2,DC3,DC4,DC5,DC6,-2,0,0,2,0,0,0.79550713300705,0.79550713300705,0.79550713300705,-0.79550713300705,-0.79550713300705,-0.79550713300705,0,0,0,0,0,0
1717773659,495444419,,DC1,DC2,DC3,DC4,DC5,DC6,-2,0,0,2,0,0,0.795540690422058,0.795540690422058,0.795540690422058,-0.795540690422058,-0.795540690422058,-0.795540690422058,0,0,0,0,0,0
1717773659,544551632,,DC1,DC2,DC3,DC4,DC5,DC6,-2,0,0,2,0,0,0.795572578907013,0.795572578907013,0.795572578907013,-0.795572578907013,-0.795572578907013,-0.795572578907013,0,0,0,0,0,0
1717773659,594469095,,DC1,DC2,DC3,DC4,DC5,DC6,-2,0,0,2,0,0,0.795602858066559,0.795602858066559,0.795602858066559,-0.795602858066559,-0.795602858066559,-0.795602858066559,0,0,0,0,0,0
1717773659,644545849,,DC1,DC2,DC3,DC4,DC5,DC6,-2,0,0,2,0,0,0.795631647109985,0.795631647109985,0.795631647109985,-0.795631647109985,-0.795631647109985,-0.795631647109985,0,0,0,0,0,0
1717773659,694616964,,DC1,DC2,DC3,DC4,DC5,DC6,-2,0,0,2,0,0,0.795658946037293,0.795658946037293,0.795658946037293,-0.795658946037293,-0.795658946037293,-0.795658946037293,0,0,0,0,0,0
1717773659,744847829,,DC1,DC2,DC3,DC4,DC5,DC6,-2,0,0,2,0,0,0.795684933662415,0.795684933662415,0.795684933662415,-0.795684933662415,-0.795684933662415,-0.795684933662415,0,0,0,0,0,0
1717773659,794868507,,DC1,DC2,DC3,DC4,DC5,DC6,-2,0,0,2,0,0,0.795709609985352,0.795709609985352,0.795709609985352,-0.795709609985352,-0.795709609985352,-0.795709609985352,0,0,0,0,0,0
1717773659,844506553,,DC1,DC2,DC3,DC4,DC5,DC6,-2,0,0,2,0,0,0.795733034610748,0.795733034610748,0.795733034610748,-0.795733034610748,-0.795733034610748,-0.795733034610748,0,0,0,0,0,0
1717773659,894784673,,DC1,DC2,DC3,DC4,DC5,DC6,-2,0,0,2,0,0,0.795755326747894,0.795755326747894,0.795755326747894,-0.795755326747894,-0.795755326747894,-0.795755326747894,0,0,0,0,0,0
1717773659,944480281,,DC1,DC2,DC3,DC4,DC5,DC6,-2,0,0,2,0,0,0.79577648639679,0.79577648639679,0.79577648639679,-0.79577648639679,-0.79577648639679,-0.79577648639679,0,0,0,0,0,0
1717773659,994360668,,DC1,DC2,DC3,DC4,DC5,DC6,-2,0,0,2,0,0,0.795796573162079,0.795796573162079,0.795796573162079,-0.795796573162079,-0.795796573162079,-0.795796573162079,0,0,0,0,0,0
1717773660,44903802,,DC1,DC2,DC3,DC4,DC5,DC6,-2,0,0,2,0,0,0.795815646648407,0.795815646648407,0.795815646648407,-0.795815646648407,-0.795815646648407,-0.795815646648407,0,0,0,0,0,0
1717773660,95329633,,DC1,DC2,DC3,DC4,DC5,DC6,-2,0,0,2,0,0,0.795833766460419,0.795833766460419,0.795833766460419,-0.795833766460419,-0.795833766460419,-0.795833766460419,0,0,0,0,0,0
1717773660,145664243,,DC1,DC2,DC3,DC4,DC5,DC6,-2,0,0,2,0,0,0.795850992202759,0.795850992202759,0.795850992202759,-0.795850992202759,-0.795850992202759,-0.795850992202759,0,0,0,0,0,0
1717773660,194741745,,DC1,DC2,DC3,DC4,DC5,DC6,-2,0,0,2,0,0,0.795867383480072,0.795867383480072,0.795867383480072,-0.795867383480072,-0.795867383480072,-0.795867383480072,0,0,0,0,0,0
1717773660,244518456,,DC1,DC2,DC3,DC4,DC5,DC6,-2,0,0,2,0,0,0.795882940292358,0.795882940292358,0.795882940292358,-0.795882940292358,-0.795882940292358,-0.795882940292358,0,0,0,0,0,0
1717773660,295461232,,DC1,DC2,DC3,DC4,DC5,DC6,-2,0,0,2,0,0,0.795897662639618,0.795897662639618,0.795897662639618,-0.795897662639618,-0.795897662639618,-0.795897662639618,0,0,0,0,0,0
1717773660,344430644,,DC1,DC2,DC3,DC4,DC5,DC6,-2,0,0,2,0,0,0.795911729335785,0.795911729335785,0.795911729335785,-0.795911729335785,-0.795911729335785,-0.795911729335785,0,0,0,0,0,0
1717773660,394525532,,DC1,DC2,DC3,DC4,DC5,DC6,-2,0,0,2,0,0,0.795925080776215,0.795925080776215,0.795925080776215,-0.795925080776215,-0.795925080776215,-0.795925080776215,0,0,0,0,0,0
1717773660,445182672,,DC1,DC2,DC3,DC4,DC5,DC6,-2,0,0,2,0,0,0.795937716960907,0.795937716960907,0.795937716960907,-0.795937716960907,-0.795937716960907,-0.795937716960907,0,0,0,0,0,0
1717773660,495212034,,DC1,DC2,DC3,DC4,DC5,DC6,-2,0,0,2,0,0,0.795949757099152,0.795949757099152,0.795949757099152,-0.795949757099152,-0.795949757099152,-0.795949757099152,0,0,0,0,0,0
1717773660,544733009,,DC1,DC2,DC3,DC4,DC5,DC6,-2,0,0,2,0,0,0.795961201190949,0.795961201190949,0.795961201190949,-0.795961201190949,-0.795961201190949,-0.795961201190949,0,0,0,0,0,0
1717773660,595436154,,DC1,DC2,DC3,DC4,DC5,DC6,-2,0,0,2,0,0,0.795972049236298,0.795972049236298,0.795972049236298,-0.795972049236298,-0.795972049236298,-0.795972049236298,0,0,0,0,0,0
1717773660,644521970,,DC1,DC2,DC3,DC4,DC5,DC6,-2,0,0,2,0,0,0.795982360839844,0.795982360839844,0.795982360839844,-0.795982360839844,-0.795982360839844,-0.795982360839844,0,0,0,0,0,0
1717773660,695297675,,DC1,DC2,DC3,DC4,DC5,DC6,-2,0,0,2,0,0,0.795992136001587,0.795992136001587,0.795992136001587,-0.795992136001587,-0.795992136001587,-0.795992136001587,0,0,0,0,0,0
1717773660,744610807,,DC1,DC2,DC3,DC4,DC5,DC6,-2,0,0,2,0,0,0.796001434326172,0.796001434326172,0.796001434326172,-0.796001434326172,-0.796001434326172,-0.796001434326172,0,0,0,0,0,0
1717773660,795078713,,DC1,DC2,DC3,DC4,DC5,DC6,-2,0,0,2,0,0,0.796010315418243,0.796010315418243,0.796010315418243,-0.796010315418243,-0.796010315418243,-0.796010315418243,0,0,0,0,0,0
1717773660,845058185,,DC1,DC2,DC3,DC4,DC5,DC6,-2,0,0,2,0,0,0.796018719673157,0.796018719673157,0.796018719673157,-0.796018719673157,-0.796018719673157,-0.796018719673157,0,0,0,0,0,0
1717773660,895673769,,DC1,DC2,DC3,DC4,DC5,DC6,-2,0,0,2,0,0,0.796026706695557,0.796026706695557,0.796026706695557,-0.796026706695557,-0.796026706695557,-0.796026706695557,0,0,0,0,0,0
1717773660,945070231,,DC1,DC2,DC3,DC4,DC5,DC6,-2,0,0,2,0,0,0.796034276485443,0.796034276485443,0.796034276485443,-0.796034276485443,-0.796034276485443,-0.796034276485443,0,0,0,0,0,0
1717773660,995761213,,DC1,DC2,DC3,DC4,DC5,DC6,-2,0,0,2,0,0,0.796041488647461,0.796041488647461,0.796041488647461,-0.796041488647461,-0.796041488647461,-0.796041488647461,0,0,0,0,0,0
1717773661,44629461,,DC1,DC2,DC3,DC4,DC5,DC6,-2,0,0,2,0,0,0.79604834318161,0.79604834318161,0.79604834318161,-0.79604834318161,-0.79604834318161,-0.79604834318161,0,0,0,0,0,0
1717773661,94799114,,DC1,DC2,DC3,DC4,DC5,DC6,-2,0,0,2,0,0,0.796054840087891,0.796054840087891,0.796054840087891,-0.796054840087891,-0.796054840087891,-0.796054840087891,0,0,0,0,0,0
1717773661,144876456,,DC1,DC2,DC3,DC4,DC5,DC6,-2,0,0,2,0,0,0.796060979366303,0.796060979366303,0.796060979366303,-0.796060979366303,-0.796060979366303,-0.796060979366303,0,0,0,0,0,0
1717773661,194902365,,DC1,DC2,DC3,DC4,DC5,DC6,-2,0,0,2,0,0,0.796066880226135,0.796066880226135,0.796066880226135,-0.796066880226135,-0.796066880226135,-0.796066880226135,0,0,0,0,0,0
1717773661,244658651,,DC1,DC2,DC3,DC4,DC5,DC6,-2,0,0,2,0,0,0.796072423458099,0.796072423458099,0.796072423458099,-0.796072423458099,-0.796072423458099,-0.796072423458099,0,0,0,0,0,0
1717773661,295145443,,DC1,DC2,DC3,DC4,DC5,DC6,-2,0,0,2,0,0,0.756268799304962,0.756268799304962,0.756268799304962,-0.756268799304962,-0.756268799304962,-0.756268799304962,0,0,0,0,0,0
1717773661,344511861,,DC1,DC2,DC3,DC4,DC5,DC6,-2,0,0,2,0,0,0.718455374240875,0.718455374240875,0.718455374240875,-0.718455374240875,-0.718455374240875,-0.718455374240875,0,0,0,0,0,0
1717773661,394848446,,DC1,DC2,DC3,DC4,DC5,DC6,-2,0,0,2,0,0,0.682532608509064,0.682532608509064,0.682532608509064,-0.682532608509064,-0.682532608509064,-0.682532608509064,0,0,0,0,0,0
1717773661,444859310,,DC1,DC2,DC3,DC4,DC5,DC6,-2,0,0,2,0,0,0.648405969142914,0.648405969142914,0.648405969142914,-0.648405969142914,-0.648405969142914,-0.648405969142914,0,0,0,0,0,0
1717773661,494726616,,DC1,DC2,DC3,DC4,DC5,DC6,-2,0,0,2,0,0,0.615985691547394,0.615985691547394,0.615985691547394,-0.615985691547394,-0.615985691547394,-0.615985691547394,0,0,0,0,0,0
1717773661,544672110,,DC1,DC2,DC3,DC4,DC5,DC6,-2,0,0,2,0,0,0.585186421871185,0.585186421871185,0.585186421871185,-0.585186421871185,-0.585186421871185,-0.585186421871185,0,0,0,0,0,0
1717773661,595046028,,DC1,DC2,DC3,DC4,DC5,DC6,-2,0,0,2,0,0,0.555927097797394,0.555927097797394,0.555927097797394,-0.555927097797394,-0.555927097797394,-0.555927097797394,0,0,0,0,0,0
1717773661,644718767,,DC1,DC2,DC3,DC4,DC5,DC6,-2,0,0,2,0,0,0.52813071012497,0.52813071012497,0.52813071012497,-0.52813071012497,-0.52813071012497,-0.52813071012497,0,0,0,0,0,0
1717773661,695472222,,DC1,DC2,DC3,DC4,DC5,DC6,-2,0,0,2,0,0,0.501724183559418,0.501724183559418,0.501724183559418,-0.501724183559418,-0.501724183559418,-0.501724183559418,0,0,0,0,0,0
1717773661,744829563,,DC1,DC2,DC3,DC4,DC5,DC6,-2,0,0,2,0,0,0.476637989282608,0.476637989282608,0.476637989282608,-0.476637989282608,-0.476637989282608,-0.476637989282608,0,0,0,0,0,0
1717773661,795250381,,DC1,DC2,DC3,DC4,DC5,DC6,-2,0,0,2,0,0,0.452806085348129,0.452806085348129,0.452806085348129,-0.452806085348129,-0.452806085348129,-0.452806085348129,0,0,0,0,0,0
1717773661,844718585,,DC1,DC2,DC3,DC4,DC5,DC6,-2,0,0,2,0,0,0.430165767669678,0.430165767669678,0.430165767669678,-0.430165767669678,-0.430165767669678,-0.430165767669678,0,0,0,0,0,0
1717773661,894718517,,DC1,DC2,DC3,DC4,DC5,DC6,-2,0,0,2,0,0,0.408657491207123,0.408657491207123,0.408657491207123,-0.408657491207123,-0.408657491207123,-0.408657491207123,0,0,0,0,0,0
1717773661,945635619,,DC1,DC2,DC3,DC4,DC5,DC6,-2,0,0,2,0,0,0.388224601745605,0.388224601745605,0.388224601745605,-0.388224601745605,-0.388224601745605,-0.388224601745605,0,0,0,0,0,0
1717773661,994446572,,DC1,DC2,DC3,DC4,DC5,DC6,-2,0,0,2,0,0,0.368813365697861,0.368813365697861,0.368813365697861,-0.368813365697861,-0.368813365697861,-0.368813365697861,0,0,0,0,0,0
1717773662,44275610,,DC1,DC2,DC3,DC4,DC5,DC6,-2,0,0,2,0,0,0.350372701883316,0.350372701883316,0.350372701883316,-0.350372701883316,-0.350372701883316,-0.350372701883316,0,0,0,0,0,0
1717773662,94431378,,DC1,DC2,DC3,DC4,DC5,DC6,-2,0,0,2,0,0,0.332854062318802,0.332854062318802,0.332854062318802,-0.332854062318802,-0.332854062318802,-0.332854062318802,0,0,0,0,0,0
1717773662,144585293,,DC1,DC2,DC3,DC4,DC5,DC6,-2,0,0,2,0,0,0.316211372613907,0.316211372613907,0.316211372613907,-0.316211372613907,-0.316211372613907,-0.316211372613907,0,0,0,0,0,0
1717773662,195028099,,DC1,DC2,DC3,DC4,DC5,DC6,-2,0,0,2,0,0,0.300400793552399,0.300400793552399,0.300400793552399,-0.300400793552399,-0.300400793552399,-0.300400793552399,0,0,0,0,0,0
1717773662,245145328,,DC1,DC2,DC3,DC4,DC5,DC6,-2,0,0,2,0,0,0.285380750894547,0.285380750894547,0.285380750894547,-0.285380750894547,-0.285380750894547,-0.285380750894547,0,0,0,0,0,0
1717773662,294873756,,DC1,DC2,DC3,DC4,DC5,DC6,-2,0,0,2,0,0,0.271111726760864,0.271111726760864,0.271111726760864,-0.271111726760864,-0.271111726760864,-0.271111726760864,0,0,0,0,0,0
1717773662,345002772,,DC1,DC2,DC3,DC4,DC5,DC6,-2,0,0,2,0,0,0.257556140422821,0.257556140422821,0.257556140422821,-0.257556140422821,-0.257556140422821,-0.257556140422821,0,0,0,0,0,0
1717773662,395122676,,DC1,DC2,DC3,DC4,DC5,DC6,-2,0,0,2,0,0,0.24467833340168,0.24467833340168,0.24467833340168,-0.24467833340168,-0.24467833340168,-0.24467833340168,0,0,0,0,0,0
1717773662,444741749,,DC1,DC2,DC3,DC4,DC5,DC6,-2,0,0,2,0,0,0.232444420456886,0.232444420456886,0.232444420456886,-0.232444420456886,-0.232444420456886,-0.232444420456886,0,0,0,0,0,0
1717773662,495448469,,DC1,DC2,DC3,DC4,DC5,DC6,-2,0,0,2,0,0,0.2208222001791,0.2208222001791,0.2208222001791,-0.2208222001791,-0.2208222001791,-0.2208222001791,0,0,0,0,0,0
1717773662,545785091,,DC1,DC2,DC3,DC4,DC5,DC6,-2,0,0,2,0,0,0.20978108048439,0.20978108048439,0.20978108048439,-0.20978108048439,-0.20978108048439,-0.20978108048439,0,0,0,0,0,0
1717773662,595279775,,DC1,DC2,DC3,DC4,DC5,DC6,-2,0,0,2,0,0,0.199292033910751,0.199292033910751,0.199292033910751,-0.199292033910751,-0.199292033910751,-0.199292033910751,0,0,0,0,0,0
1717773662,644890257,,DC1,DC2,DC3,DC4,DC5,DC6,-2,0,0,2,0,0,0.18932743370533,0.18932743370533,0.18932743370533,-0.18932743370533,-0.18932743370533,-0.18932743370533,0,0,0,0,0,0
1717773662,695180820,,DC1,DC2,DC3,DC4,DC5,DC6,-2,0,0,2,0,0,0.179861053824425,0.179861053824425,0.179861053824425,-0.179861053824425,-0.179861053824425,-0.179861053824425,0,0,0,0,0,0
1717773662,744925315,,DC1,DC2,DC3,DC4,DC5,DC6,-2,0,0,2,0,0,0.170868009328842,0.170868009328842,0.170868009328842,-0.170868009328842,-0.170868009328842,-0.170868009328842,0,0,0,0,0,0
1717773662,794982551,,DC1,DC2,DC3,DC4,DC5,DC6,-2,0,0,2,0,0,0.162324607372284,0.162324607372284,0.162324607372284,-0.162324607372284,-0.162324607372284,-0.162324607372284,0,0,0,0,0,0
1717773662,844775695,,DC1,DC2,DC3,DC4,DC5,DC6,-2,0,0,2,0,0,0.15420837700367,0.15420837700367,0.15420837700367,-0.15420837700367,-0.15420837700367,-0.15420837700367,0,0,0,0,0,0
1717773662,895248754,,DC1,DC2,DC3,DC4,DC5,DC6,-2,0,0,2,0,0,0.146497949957848,0.146497949957848,0.146497949957848,-0.146497949957848,-0.146497949957848,-0.146497949957848,0,0,0,0,0,0
1717773662,945370695,,DC1,DC2,DC3,DC4,DC5,DC6,-2,0,0,2,0,0,0.139173060655594,0.139173060655594,0.139173060655594,-0.139173060655594,-0.139173060655594,-0.139173060655594,0,0,0,0,0,0
1717773662,995491464,,DC1,DC2,DC3,DC4,DC5,DC6,-2,0,0,2,0,0,0.132214397192001,0.132214397192001,0.132214397192001,-0.132214397192001,-0.132214397192001,-0.132214397192001,0,0,0,0,0,0
1717773663,44905308,,DC1,DC2,DC3,DC4,DC5,DC6,-2,0,0,2,0,0,0.125603690743446,0.125603690743446,0.125603690743446,-0.125603690743446,-0.125603690743446,-0.125603690743446,0,0,0,0,0,0
1717773663,94957057,,DC1,DC2,DC3,DC4,DC5,DC6,-2,0,0,2,0,0,0.119323499500752,0.119323499500752,0.119323499500752,-0.119323499500752,-0.119323499500752,-0.119323499500752,0,0,0,0,0,0
1717773663,144739492,,DC1,DC2,DC3,DC4,DC5,DC6,-2,0,0,2,0,0,0.113357327878475,0.113357327878475,0.113357327878475,-0.113357327878475,-0.113357327878475,-0.113357327878475,0,0,0,0,0,0
1717773663,194702391,,DC1,DC2,DC3,DC4,DC5,DC6,-2,0,0,2,0,0,0.107689455151558,0.107689455151558,0.107689455151558,-0.107689455151558,-0.107689455151558,-0.107689455151558,0,0,0,0,0,0
1717773663,244778350,,DC1,DC2,DC3,DC4,DC5,DC6,-2,0,0,2,0,0,0.102304987609386,0.102304987609386,0.102304987609386,-0.102304987609386,-0.102304987609386,-0.102304987609386,0,0,0,0,0,0
1717773663,295086574,,DC1,DC2,DC3,DC4,DC5,DC6,-2,0,0,2,0,0,0.0971897393465042,0.0971897393465042,0.0971897393465042,-0.0971897393465042,-0.0971897393465042,-0.0971897393465042,0,0,0,0,0,0
1717773663,344644744,,DC1,DC2,DC3,DC4,DC5,DC6,-2,0,0,2,0,0,0.0923302471637726,0.0923302471637726,0.0923302471637726,-0.0923302471637726,-0.0923302471637726,-0.0923302471637726,0,0,0,0,0,0
1717773663,394428668,,DC1,DC2,DC3,DC4,DC5,DC6,-2,0,0,2,0,0,0.0877137407660484,0.0877137407660484,0.0877137407660484,-0.0877137407660484,-0.0877137407660484,-0.0877137407660484,0,0,0,0,0,0
1717773663,444692449,,DC1,DC2,DC3,DC4,DC5,DC6,-2,0,0,2,0,0,0.083328053355217,0.083328053355217,0.083328053355217,-0.083328053355217,-0.083328053355217,-0.083328053355217,0,0,0,0,0,0
1717773663,494871607,,DC1,DC2,DC3,DC4,DC5,DC6,-2,0,0,2,0,0,0.0791616514325142,0.0791616514325142,0.0791616514325142,-0.0791616514325142,-0.0791616514325142,-0.0791616514325142,0,0,0,0,0,0
1717773663,544692221,,DC1,DC2,DC3,DC4,DC5,DC6,-2,0,0,2,0,0,0.0752035677433014,0.0752035677433014,0.0752035677433014,-0.0752035677433014,-0.0752035677433014,-0.0752035677433014,0,0,0,0,0,0
1717773663,594749498,,DC1,DC2,DC3,DC4,DC5,DC6,-2,0,0,2,0,0,0.0714433863759041,0.0714433863759041,0.0714433863759041,-0.0714433863759041,-0.0714433863759041,-0.0714433863759041,0,0,0,0,0,0
1717773663,644842129,,DC1,DC2,DC3,DC4,DC5,DC6,-2,0,0,2,0,0,0.0678712204098702,0.0678712204098702,0.0678712204098702,-0.0678712204098702,-0.0678712204098702,-0.0678712204098702,0,0,0,0,0,0
1717773663,695005633,,DC1,DC2,DC3,DC4,DC5,DC6,-2,0,0,2,0,0,0.0644776597619057,0.0644776597619057,0.0644776597619057,-0.0644776597619057,-0.0644776597619057,-0.0644776597619057,0,0,0,0,0,0
1717773663,745045522,,DC1,DC2,DC3,DC4,DC5,DC6,-2,0,0,2,0,0,0.0612537749111652,0.0612537749111652,0.0612537749111652,-0.0612537749111652,-0.0612537749111652,-0.0612537749111652,0,0,0,0,0,0
1717773663,795277232,,DC1,DC2,DC3,DC4,DC5,DC6,-2,0,0,2,0,0,0.0581910870969296,0.0581910870969296,0.0581910870969296,-0.0581910870969296,-0.0581910870969296,-0.0581910870969296,0,0,0,0,0,0
1717773663,844750560,,DC1,DC2,DC3,DC4,DC5,DC6,-2,0,0,2,0,0,0.0552815310657024,0.0552815310657024,0.0552815310657024,-0.0552815310657024,-0.0552815310657024,-0.0552815310657024,0,0,0,0,0,0
1717773663,894605510,,DC1,DC2,DC3,DC4,DC5,DC6,-2,0,0,2,0,0,0.0525174550712109,0.0525174550712109,0.0525174550712109,-0.0525174550712109,-0.0525174550712109,-0.0525174550712109,0,0,0,0,0,0
1717773663,945006542,,DC1,DC2,DC3,DC4,DC5,DC6,-2,0,0,2,0,0,0.0498915836215019,0.0498915836215019,0.0498915836215019,-0.0498915836215019,-0.0498915836215019,-0.0498915836215019,0,0,0,0,0,0
1717773663,994937635,,DC1,DC2,DC3,DC4,DC5,DC6,-2,0,0,2,0,0,0.0473970025777817,0.0473970025777817,0.0473970025777817,-0.0473970025777817,-0.0473970025777817,-0.0473970025777817,0,0,0,0,0,0
1717773664,44675036,,DC1,DC2,DC3,DC4,DC5,DC6,-2,0,0,2,0,0,0.0450271517038345,0.0450271517038345,0.0450271517038345,-0.0450271517038345,-0.0450271517038345,-0.0450271517038345,0,0,0,0,0,0
1717773664,94928965,,DC1,DC2,DC3,DC4,DC5,DC6,-2,0,0,2,0,0,0.0427757948637009,0.0427757948637009,0.0427757948637009,-0.0427757948637009,-0.0427757948637009,-0.0427757948637009,0,0,0,0,0,0
1717773664,144800968,,DC1,DC2,DC3,DC4,DC5,DC6,-2,0,0,2,0,0,0.0406370051205158,0.0406370051205158,0.0406370051205158,-0.0406370051205158,-0.0406370051205158,-0.0406370051205158,0,0,0,0,0,0
1717773664,194776993,,DC1,DC2,DC3,DC4,DC5,DC6,-2,0,0,2,0,0,0.0386051535606384,0.0386051535606384,0.0386051535606384,-0.0386051535606384,-0.0386051535606384,-0.0386051535606384,0,0,0,0,0,0
1717773664,244860562,,DC1,DC2,DC3,DC4,DC5,DC6,-2,0,0,2,0,0,0.0366748981177807,0.0366748981177807,0.0366748981177807,-0.0366748981177807,-0.0366748981177807,-0.0366748981177807,0,0,0,0,0,0
1717773664,295120816,,DC1,DC2,DC3,DC4,DC5,DC6,-2,0,0,2,0,0,0.0348411537706852,0.0348411537706852,0.0348411537706852,-0.0348411537706852,-0.0348411537706852,-0.0348411537706852,0,0,0,0,0,0
1717773664,345660788,,DC1,DC2,DC3,DC4,DC5,DC6,-2,0,0,2,0,0,0.0330990962684154,0.0330990962684154,0.0330990962684154,-0.0330990962684154,-0.0330990962684154,-0.0330990962684154,0,0,0,0,0,0
1717773664,394812293,,DC1,DC2,DC3,DC4,DC5,DC6,-2,0,0,2,0,0,0.031444139778614,0.031444139778614,0.031444139778614,-0.031444139778614,-0.031444139778614,-0.031444139778614,0,0,0,0,0,0
1717773664,444692657,,DC1,DC2,DC3,DC4,DC5,DC6,-2,0,0,2,0,0,0.0298719331622124,0.0298719331622124,0.0298719331622124,-0.0298719331622124,-0.0298719331622124,-0.0298719331622124,0,0,0,0,0,0
1717773664,494896299,,DC1,DC2,DC3,DC4,DC5,DC6,-2,0,0,2,0,0,0.0283783357590437,0.0283783357590437,0.0283783357590437,-0.0283783357590437,-0.0283783357590437,-0.0283783357590437,0,0,0,0,0,0
1717773664,544352103,,DC1,DC2,DC3,DC4,DC5,DC6,-2,0,0,2,0,0,0.0269594192504883,0.0269594192504883,0.0269594192504883,-0.0269594192504883,-0.0269594192504883,-0.0269594192504883,0,0,0,0,0,0
1717773664,594331405,,DC1,DC2,DC3,DC4,DC5,DC6,-2,0,0,2,0,0,0.0256114490330219,0.0256114490330219,0.0256114490330219,-0.0256114490330219,-0.0256114490330219,-0.0256114490330219,0,0,0,0,0,0
1717773664,644584095,,DC1,DC2,DC3,DC4,DC5,DC6,-2,0,0,2,0,0,0.0243308767676353,0.0243308767676353,0.0243308767676353,-0.0243308767676353,-0.0243308767676353,-0.0243308767676353,0,0,0,0,0,0
1717773664,695249009,,DC1,DC2,DC3,DC4,DC5,DC6,-2,0,0,2,0,0,0.0231143329292536,0.0231143329292536,0.0231143329292536,-0.0231143329292536,-0.0231143329292536,-0.0231143329292536,0,0,0,0,0,0
1717773664,744635984,,DC1,DC2,DC3,DC4,DC5,DC6,-2,0,0,2,0,0,0.0219586156308651,0.0219586156308651,0.0219586156308651,-0.0219586156308651,-0.0219586156308651,-0.0219586156308651,0,0,0,0,0,0
1717773664,794550343,,DC1,DC2,DC3,DC4,DC5,DC6,-2,0,0,2,0,0,0.0208606850355864,0.0208606850355864,0.0208606850355864,-0.0208606850355864,-0.0208606850355864,-0.0208606850355864,0,0,0,0,0,0
1717773664,844840965,,DC1,DC2,DC3,DC4,DC5,DC6,-2,0,0,2,0,0,0.0198176503181458,0.0198176503181458,0.0198176503181458,-0.0198176503181458,-0.0198176503181458,-0.0198176503181458,0,0,0,0,0,0
1717773664,894715141,,DC1,DC2,DC3,DC4,DC5,DC6,-2,0,0,2,0,0,0.0188267678022385,0.0188267678022385,0.0188267678022385,-0.0188267678022385,-0.0188267678022385,-0.0188267678022385,0,0,0,0,0,0
1717773664,944778052,,DC1,DC2,DC3,DC4,DC5,DC6,-2,0,0,2,0,0,0.0178854297846556,0.0178854297846556,0.0178854297846556,-0.0178854297846556,-0.0178854297846556,-0.0178854297846556,0,0,0,0,0,0
1717773664,994917022,,DC1,DC2,DC3,DC4,DC5,DC6,-2,0,0,2,0,0,0.0169911589473486,0.0169911589473486,0.0169911589473486,-0.0169911589473486,-0.0169911589473486,-0.0169911589473486,0,0,0,0,0,0
1717773665,44581228,,DC1,DC2,DC3,DC4,DC5,DC6,-2,0,0,2,0,0,0.0161416009068489,0.0161416009068489,0.0161416009068489,-0.0161416009068489,-0.0161416009068489,-0.0161416009068489,0,0,0,0,0,0
1717773665,95225887,,DC1,DC2,DC3,DC4,DC5,DC6,-2,0,0,2,0,0,0.0153345204889774,0.0153345204889774,0.0153345204889774,-0.0153345204889774,-0.0153345204889774,-0.0153345204889774,0,0,0,0,0,0
1717773665,144617708,,DC1,DC2,DC3,DC4,DC5,DC6,-2,0,0,2,0,0,0.014567794278264,0.014567794278264,0.014567794278264,-0.014567794278264,-0.014567794278264,-0.014567794278264,0,0,0,0,0,0
1717773665,194875312,,DC1,DC2,DC3,DC4,DC5,DC6,-2,0,0,2,0,0,0.0138394050300121,0.0138394050300121,0.0138394050300121,-0.0138394050300121,-0.0138394050300121,-0.0138394050300121,0,0,0,0,0,0
1717773665,244855126,,DC1,DC2,DC3,DC4,DC5,DC6,-2,0,0,2,0,0,0.013147434219718,0.013147434219718,0.013147434219718,-0.013147434219718,-0.013147434219718,-0.013147434219718,0,0,0,0,0,0
1717773665,295147031,,DC1,DC2,DC3,DC4,DC5,DC6,-2,0,0,2,0,0,0.0124900629743934,0.0124900629743934,0.0124900629743934,-0.0124900629743934,-0.0124900629743934,-0.0124900629743934,0,0,0,0,0,0
1717773665,344738731,,DC1,DC2,DC3,DC4,DC5,DC6,-2,0,0,2,0,0,0.0118655599653721,0.0118655599653721,0.0118655599653721,-0.0118655599653721,-0.0118655599653721,-0.0118655599653721,0,0,0,0,0,0
1717773665,395191608,,DC1,DC2,DC3,DC4,DC5,DC6,-2,0,0,2,0,0,0.0112722814083099,0.0112722814083099,0.0112722814083099,-0.0112722814083099,-0.0112722814083099,-0.0112722814083099,0,0,0,0,0,0
1717773665,444442164,,DC1,DC2,DC3,DC4,DC5,DC6,-2,0,0,2,0,0,0.0107086673378944,0.0107086673378944,0.0107086673378944,-0.0107086673378944,-0.0107086673378944,-0.0107086673378944,0,0,0,0,0,0
1717773665,494866204,,DC1,DC2,DC3,DC4,DC5,DC6,-2,0,0,2,0,0,0.0101732341572642,0.0101732341572642,0.0101732341572642,-0.0101732341572642,-0.0101732341572642,-0.0101732341572642,0,0,0,0,0,0
1717773665,545457246,,DC1,DC2,DC3,DC4,DC5,DC6,-2,0,0,2,0,0,0.00966457277536392,0.00966457277536392,0.00966457277536392,-0.00966457277536392,-0.00966457277536392,-0.00966457277536392,0,0,0,0,0,0
1717773665,595002305,,DC1,DC2,DC3,DC4,DC5,DC6,-2,0,0,2,0,0,0.00918134395033121,0.00918134395033121,0.00918134395033121,-0.00918134395033121,-0.00918134395033121,-0.00918134395033121,0,0,0,0,0,0
1717773665,644680060,,DC1,DC2,DC3,DC4,DC5,DC6,-2,0,0,2,0,0,0.00872227642685175,0.00872227642685175,0.00872227642685175,-0.00872227642685175,-0.00872227642685175,-0.00872227642685175,0,0,0,0,0,0
1717773665,694855044,,DC1,DC2,DC3,DC4,DC5,DC6,-2,0,0,2,0,0,0.00828616321086884,0.00828616321086884,0.00828616321086884,-0.00828616321086884,-0.00828616321086884,-0.00828616321086884,0,0,0,0,0,0
1717773665,744733592,,DC1,DC2,DC3,DC4,DC5,DC6,-2,0,0,2,0,0,0.00787185505032539,0.00787185505032539,0.00787185505032539,-0.00787185505032539,-0.00787185505032539,-0.00787185505032539,0,0,0,0,0,0
1717773665,794534664,,DC1,DC2,DC3,DC4,DC5,DC6,-2,0,0,2,0,0,0.00747826183214784,0.00747826183214784,0.00747826183214784,-0.00747826183214784,-0.00747826183214784,-0.00747826183214784,0,0,0,0,0,0
1717773665,845102894,,DC1,DC2,DC3,DC4,DC5,DC6,-2,0,0,2,0,0,0.00710434885695577,0.00710434885695577,0.00710434885695577,-0.00710434885695577,-0.00710434885695577,-0.00710434885695577,0,0,0,0,0,0
1717773665,895047934,,DC1,DC2,DC3,DC4,DC5,DC6,-2,0,0,2,0,0,0.00674913125112653,0.00674913125112653,0.00674913125112653,-0.00674913125112653,-0.00674913125112653,-0.00674913125112653,0,0,0,0,0,0
1717773665,944808883,,DC1,DC2,DC3,DC4,DC5,DC6,-2,0,0,2,0,0,0.00641167489811778,0.00641167489811778,0.00641167489811778,-0.00641167489811778,-0.00641167489811778,-0.00641167489811778,0,0,0,0,0,0
1717773665,994903475,,DC1,DC2,DC3,DC4,DC5,DC6,-2,0,0,2,0,0,0.00609109085053206,0.00609109085053206,0.00609109085053206,-0.00609109085053206,-0.00609109085053206,-0.00609109085053206,0,0,0,0,0,0
1717773666,44616257,,DC1,DC2,DC3,DC4,DC5,DC6,-2,0,0,2,0,0,0.00578653626143932,0.00578653626143932,0.00578653626143932,-0.00578653626143932,-0.00578653626143932,-0.00578653626143932,0,0,0,0,0,0
1717773666,94882735,,DC1,DC2,DC3,DC4,DC5,DC6,-2,0,0,2,0,0,0.00549720972776413,0.00549720972776413,0.00549720972776413,-0.00549720972776413,-0.00549720972776413,-0.00549720972776413,0,0,0,0,0,0
1717773666,145463832,,DC1,DC2,DC3,DC4,DC5,DC6,-2,0,0,2,0,0,0.00522234896197915,0.00522234896197915,0.00522234896197915,-0.00522234896197915,-0.00522234896197915,-0.00522234896197915,0,0,0,0,0,0
1717773666,195164671,,DC1,DC2,DC3,DC4,DC5,DC6,-2,0,0,2,0,0,0.00496123172342777,0.00496123172342777,0.00496123172342777,-0.00496123172342777,-0.00496123172342777,-0.00496123172342777,0,0,0,0,0,0
1717773666,244668085,,DC1,DC2,DC3,DC4,DC5,DC6,-2,0,0,2,0,0,0.00471317023038864,0.00471317023038864,0.00471317023038864,-0.00471317023038864,-0.00471317023038864,-0.00471317023038864,0,0,0,0,0,0
1717773666,295272476,,DC1,DC2,DC3,DC4,DC5,DC6,-2,0,0,2,0,0,0.00447751162573695,0.00447751162573695,0.00447751162573695,-0.00447751162573695,-0.00447751162573695,-0.00447751162573695,0,0,0,0,0,0
1717773666,345539487,,DC1,DC2,DC3,DC4,DC5,DC6,-2,0,0,2,0,0,0.0042536361142993,0.0042536361142993,0.0042536361142993,-0.0042536361142993,-0.0042536361142993,-0.0042536361142993,0,0,0,0,0,0
1717773666,395623165,,DC1,DC2,DC3,DC4,DC5,DC6,-2,0,0,2,0,0,0.00404095416888595,0.00404095416888595,0.00404095416888595,-0.00404095416888595,-0.00404095416888595,-0.00404095416888595,0,0,0,0,0,0
1717773666,444579438,,DC1,DC2,DC3,DC4,DC5,DC6,-2,0,0,2,0,0,0.00383890653029084,0.00383890653029084,0.00383890653029084,-0.00383890653029084,-0.00383890653029084,-0.00383890653029084,0,0,0,0,0,0
1717773666,494828758,,DC1,DC2,DC3,DC4,DC5,DC6,-2,0,0,2,0,0,0.00364696118049324,0.00364696118049324,0.00364696118049324,-0.00364696118049324,-0.00364696118049324,-0.00364696118049324,0,0,0,0,0,0
1717773666,544603050,,DC1,DC2,DC3,DC4,DC5,DC6,-2,0,0,2,0,0,0.00346461310982704,0.00346461310982704,0.00346461310982704,-0.00346461310982704,-0.00346461310982704,-0.00346461310982704,0,0,0,0,0,0
1717773666,595132744,,DC1,DC2,DC3,DC4,DC5,DC6,-2,0,0,2,0,0,0.00329138245433569,0.00329138245433569,0.00329138245433569,-0.00329138245433569,-0.00329138245433569,-0.00329138245433569,0,0,0,0,0,0
1717773666,644665762,,DC1,DC2,DC3,DC4,DC5,DC6,-2,0,0,2,0,0,0.0031268133316189,0.0031268133316189,0.0031268133316189,-0.0031268133316189,-0.0031268133316189,-0.0031268133316189,0,0,0,0,0,0
1717773666,695119904,,DC1,DC2,DC3,DC4,DC5,DC6,-2,0,0,2,0,0,0.00297047267667949,0.00297047267667949,0.00297047267667949,-0.00297047267667949,-0.00297047267667949,-0.00297047267667949,0,0,0,0,0,0
1717773666,744797785,,DC1,DC2,DC3,DC4,DC5,DC6,-2,0,0,2,0,0,0.00282194907777011,0.00282194907777011,0.00282194907777011,-0.00282194907777011,-0.00282194907777011,-0.00282194907777011,0,0,0,0,0,0
1717773666,794795373,,DC1,DC2,DC3,DC4,DC5,DC6,-2,0,0,2,0,0,0.00268085161224008,0.00268085161224008,0.00268085161224008,-0.00268085161224008,-0.00268085161224008,-0.00268085161224008,0,0,0,0,0,0
1717773666,844706732,,DC1,DC2,DC3,DC4,DC5,DC6,-2,0,0,2,0,0,0.00254680891521275,0.00254680891521275,0.00254680891521275,-0.00254680891521275,-0.00254680891521275,-0.00254680891521275,0,0,0,0,0,0
1717773666,895257511,,DC1,DC2,DC3,DC4,DC5,DC6,-2,0,0,2,0,0,0.00241946848109364,0.00241946848109364,0.00241946848109364,-0.00241946848109364,-0.00241946848109364,-0.00241946848109364,0,0,0,0,0,0
1717773666,944689678,,DC1,DC2,DC3,DC4,DC5,DC6,-2,0,0,2,0,0,0.0022984950337559,0.0022984950337559,0.0022984950337559,-0.0022984950337559,-0.0022984950337559,-0.0022984950337559,0,0,0,0,0,0
1717773666,995572163,,DC1,DC2,DC3,DC4,DC5,DC6,-2,0,0,2,0,0,0.00218357029370964,0.00218357029370964,0.00218357029370964,-0.00218357029370964,-0.00218357029370964,-0.00218357029370964,0,0,0,0,0,0
1717773667,44670895,,DC1,DC2,DC3,DC4,DC5,DC6,-2,0,0,2,0,0,0.00207439181394875,0.00207439181394875,0.00207439181394875,-0.00207439181394875,-0.00207439181394875,-0.00207439181394875,0,0,0,0,0,0
1717773667,95541733,,DC1,DC2,DC3,DC4,DC5,DC6,-2,0,0,2,0,0,0.00197067228145897,0.00197067228145897,0.00197067228145897,-0.00197067228145897,-0.00197067228145897,-0.00197067228145897,0,0,0,0,0,0
1717773667,144619820,,DC1,DC2,DC3,DC4,DC5,DC6,-2,0,0,2,0,0,0.00187213870231062,0.00187213870231062,0.00187213870231062,-0.00187213870231062,-0.00187213870231062,-0.00187213870231062,0,0,0,0,0,0
1717773667,195221724,,DC1,DC2,DC3,DC4,DC5,DC6,-2,0,0,2,0,0,0.00177853170316666,0.00177853170316666,0.00177853170316666,-0.00177853170316666,-0.00177853170316666,-0.00177853170316666,0,0,0,0,0,0
1717773667,244613419,,DC1,DC2,DC3,DC4,DC5,DC6,-2,0,0,2,0,0,0.00168960518203676,0.00168960518203676,0.00168960518203676,-0.00168960518203676,-0.00168960518203676,-0.00168960518203676,0,0,0,0,0,0
1717773667,295314148,,DC1,DC2,DC3,DC4,DC5,DC6,-2,0,0,2,0,0,0.00160512491129339,0.00160512491129339,0.00160512491129339,-0.00160512491129339,-0.00160512491129339,-0.00160512491129339,0,0,0,0,0,0
1717773667,344546428,,DC1,DC2,DC3,DC4,DC5,DC6,-2,0,0,2,0,0,0.00152486865408719,0.00152486865408719,0.00152486865408719,-0.00152486865408719,-0.00152486865408719,-0.00152486865408719,0,0,0,0,0,0
1717773667,394831791,,DC1,DC2,DC3,DC4,DC5,DC6,-2,0,0,2,0,0,0.00144862523302436,0.00144862523302436,0.00144862523302436,-0.00144862523302436,-0.00144862523302436,-0.00144862523302436,0,0,0,0,0,0
1717773667,445331574,,DC1,DC2,DC3,DC4,DC5,DC6,-2,0,0,2,0,0,0.00137619394809008,0.00137619394809008,0.00137619394809008,-0.00137619394809008,-0.00137619394809008,-0.00137619394809008,0,0,0,0,0,0
1717773667,495241314,,DC1,DC2,DC3,DC4,DC5,DC6,-2,0,0,2,0,0,0.00130738422740251,0.00130738422740251,0.00130738422740251,-0.00130738422740251,-0.00130738422740251,-0.00130738422740251,0,0,0,0,0,0
1717773667,545770298,,DC1,DC2,DC3,DC4,DC5,DC6,-2,0,0,2,0,0,0.00124201504513621,0.00124201504513621,0.00124201504513621,-0.00124201504513621,-0.00124201504513621,-0.00124201504513621,0,0,0,0,0,0
1717773667,595210384,,DC1,DC2,DC3,DC4,DC5,DC6,-2,0,0,2,0,0,0.00117991433944553,0.00117991433944553,0.00117991433944553,-0.00117991433944553,-0.00117991433944553,-0.00117991433944553,0,0,0,0,0,0
1717773667,644733201,,DC1,DC2,DC3,DC4,DC5,DC6,-2,0,0,2,0,0,0.0011209185468033,0.0011209185468033,0.0011209185468033,-0.0011209185468033,-0.0011209185468033,-0.0011209185468033,0,0,0,0,0,0
1717773667,695074960,,DC1,DC2,DC3,DC4,DC5,DC6,-2,0,0,2,0,0,0.00106487260200083,0.00106487260200083,0.00106487260200083,-0.00106487260200083,-0.00106487260200083,-0.00106487260200083,0,0,0,0,0,0
1717773667,745389600,,DC1,DC2,DC3,DC4,DC5,DC6,-2,0,0,2,0,0,0.00101162900682539,0.00101162900682539,0.00101162900682539,-0.00101162900682539,-0.00101162900682539,-0.00101162900682539,0,0,0,0,0,0
1717773667,794822430,,DC1,DC2,DC3,DC4,DC5,DC6,-2,0,0,2,0,0,0.00096104753902182,0.00096104753902182,0.00096104753902182,-0.00096104753902182,-0.00096104753902182,-0.00096104753902182,0,0,0,0,0,0
1717773667,845670292,,DC1,DC2,DC3,DC4,DC5,DC6,-2,0,0,2,0,0,0.000912995194084942,0.000912995194084942,0.000912995194084942,-0.000912995194084942,-0.000912995194084942,-0.000912995194084942,0,0,0,0,0,0
1717773667,894778570,,DC1,DC2,DC3,DC4,DC5,DC6,-2,0,0,2,0,0,0.000867345428559929,0.000867345428559929,0.000867345428559929,-0.000867345428559929,-0.000867345428559929,-0.000867345428559929,0,0,0,0,0,0
1717773667,945033757,,DC1,DC2,DC3,DC4,DC5,DC6,-2,0,0,2,0,0,0.000823978160042316,0.000823978160042316,0.000823978160042316,-0.000823978160042316,-0.000823978160042316,-0.000823978160042316,0,0,0,0,0,0
1717773667,995101303,,DC1,DC2,DC3,DC4,DC5,DC6,-2,0,0,2,0,0,0.000782779243309051,0.000782779243309051,0.000782779243309051,-0.000782779243309051,-0.000782779243309051,-0.000782779243309051,0,0,0,0,0,0
1717773668,45109962,,DC1,DC2,DC3,DC4,DC5,DC6,-2,0,0,2,0,0,0.000743640295695514,0.000743640295695514,0.000743640295695514,-0.000743640295695514,-0.000743640295695514,-0.000743640295695514,0,0,0,0,0,0
1717773668,95086260,,DC1,DC2,DC3,DC4,DC5,DC6,-2,0,0,2,0,0,0.000706458289641887,0.000706458289641887,0.000706458289641887,-0.000706458289641887,-0.000706458289641887,-0.000706458289641887,0,0,0,0,0,0
1717773668,145150315,,DC1,DC2,DC3,DC4,DC5,DC6,-2,0,0,2,0,0,0.000671135378070176,0.000671135378070176,0.000671135378070176,-0.000671135378070176,-0.000671135378070176,-0.000671135378070176,0,0,0,0,0,0
1717773668,195131215,,DC1,DC2,DC3,DC4,DC5,DC6,-2,0,0,2,0,0,0.000637578603345901,0.000637578603345901,0.000637578603345901,-0.000637578603345901,-0.000637578603345901,-0.000637578603345901,0,0,0,0,0,0
1717773668,245343984,,DC1,DC2,DC3,DC4,DC5,DC6,-2,0,0,2,0,0,0.000605699664447457,0.000605699664447457,0.000605699664447457,-0.000605699664447457,-0.000605699664447457,-0.000605699664447457,0,0,0,0,0,0
1717773668,295432736,,DC1,DC2,DC3,DC4,DC5,DC6,-2,0,0,2,0,0,0.000575414684135467,0.000575414684135467,0.000575414684135467,-0.000575414684135467,-0.000575414684135467,-0.000575414684135467,0,0,0,0,0,0
1717773668,344843597,,DC1,DC2,DC3,DC4,DC5,DC6,-2,0,0,2,0,0,0.00054664391791448,0.00054664391791448,0.00054664391791448,-0.00054664391791448,-0.00054664391791448,-0.00054664391791448,0,0,0,0,0,0
1717773668,394747188,,DC1,DC2,DC3,DC4,DC5,DC6,-2,0,0,2,0,0,0.00051931175403297,0.00051931175403297,0.00051931175403297,-0.00051931175403297,-0.00051931175403297,-0.00051931175403297,0,0,0,0,0,0
1717773668,444977440,,DC1,DC2,DC3,DC4,DC5,DC6,-2,0,0,2,0,0,0.000493346131406724,0.000493346131406724,0.000493346131406724,-0.000493346131406724,-0.000493346131406724,-0.000493346131406724,0,0,0,0,0,0
1717773668,495205000,,DC1,DC2,DC3,DC4,DC5,DC6,-2,0,0,2,0,0,0.000468678859760985,0.000468678859760985,0.000468678859760985,-0.000468678859760985,-0.000468678859760985,-0.000468678859760985,0,0,0,0,0,0
1717773668,545395923,,DC1,DC2,DC3,DC4,DC5,DC6,-2,0,0,2,0,0,0.00044524492113851,0.00044524492113851,0.00044524492113851,-0.00044524492113851,-0.00044524492113851,-0.00044524492113851,0,0,0,0,0,0
1717773668,595040891,,DC1,DC2,DC3,DC4,DC5,DC6,-2,0,0,2,0,0,0.000422982673626393,0.000422982673626393,0.000422982673626393,-0.000422982673626393,-0.000422982673626393,-0.000422982673626393,0,0,0,0,0,0
1717773668,645549458,,DC1,DC2,DC3,DC4,DC5,DC6,-2,0,0,2,0,0,0.000401833531213924,0.000401833531213924,0.000401833531213924,-0.000401833531213924,-0.000401833531213924,-0.000401833531213924,0,0,0,0,0,0
1717773668,694904747,,DC1,DC2,DC3,DC4,DC5,DC6,-2,0,0,2,0,0,0.00038174184737727,0.00038174184737727,0.00038174184737727,-0.00038174184737727,-0.00038174184737727,-0.00038174184737727,0,0,0,0,0,0
1717773668,744746866,,DC1,DC2,DC3,DC4,DC5,DC6,-2,0,0,2,0,0,0.000362654769560322,0.000362654769560322,0.000362654769560322,-0.000362654769560322,-0.000362654769560322,-0.000362654769560322,0,0,0,0,0,0
1717773668,795181651,,DC1,DC2,DC3,DC4,DC5,DC6,-2,0,0,2,0,0,0.000344522035447881,0.000344522035447881,0.000344522035447881,-0.000344522035447881,-0.000344522035447881,-0.000344522035447881,0,0,0,0,0,0
1717773668,845481985,,DC1,DC2,DC3,DC4,DC5,DC6,-2,0,0,2,0,0,0.000327295914757997,0.000327295914757997,0.000327295914757997,-0.000327295914757997,-0.000327295914757997,-0.000327295914757997,0,0,0,0,0,0
1717773668,895172744,,DC1,DC2,DC3,DC4,DC5,DC6,-2,0,0,2,0,0,0.00031093112193048,0.00031093112193048,0.00031093112193048,-0.00031093112193048,-0.00031093112193048,-0.00031093112193048,0,0,0,0,0,0
1717773668,945753933,,DC1,DC2,DC3,DC4,DC5,DC6,-2,0,0,2,0,0,0.000295384554192424,0.000295384554192424,0.000295384554192424,-0.000295384554192424,-0.000295384554192424,-0.000295384554192424,0,0,0,0,0,0
1717773668,994912425,,DC1,DC2,DC3,DC4,DC5,DC6,-2,0,0,2,0,0,0.000280615349765867,0.000280615349765867,0.000280615349765867,-0.000280615349765867,-0.000280615349765867,-0.000280615349765867,0,0,0,0,0,0
1717773669,45184761,,DC1,DC2,DC3,DC4,DC5,DC6,-2,0,0,2,0,0,0.000266584567725658,0.000266584567725658,0.000266584567725658,-0.000266584567725658,-0.000266584567725658,-0.000266584567725658,0,0,0,0,0,0
1717773669,95424838,,DC1,DC2,DC3,DC4,DC5,DC6,-2,0,0,2,0,0,0.000253255333518609,0.000253255333518609,0.000253255333518609,-0.000253255333518609,-0.000253255333518609,-0.000253255333518609,0,0,0,0,0,0
1717773669,145093720,,DC1,DC2,DC3,DC4,DC5,DC6,-2,0,0,2,0,0,0.00024059257702902,0.00024059257702902,0.00024059257702902,-0.00024059257702902,-0.00024059257702902,-0.00024059257702902,0,0,0,0,0,0
1717773669,195128458,,DC1,DC2,DC3,DC4,DC5,DC6,-2,0,0,2,0,0,0.000228562945267186,0.000228562945267186,0.000228562945267186,-0.000228562945267186,-0.000228562945267186,-0.000228562945267186,0,0,0,0,0,0
1717773669,244408223,,DC1,DC2,DC3,DC4,DC5,DC6,-2,0,0,2,0,0,0.000217134802369401,0.000217134802369401,0.000217134802369401,-0.000217134802369401,-0.000217134802369401,-0.000217134802369401,0,0,0,0,0,0
1717773669,294913691,,DC1,DC2,DC3,DC4,DC5,DC6,-2,0,0,2,0,0,0.000206278054974973,0.000206278054974973,0.000206278054974973,-0.000206278054974973,-0.000206278054974973,-0.000206278054974973,0,0,0,0,0,0
1717773669,345689875,,DC1,DC2,DC3,DC4,DC5,DC6,-2,0,0,2,0,0,0.000195964152226225,0.000195964152226225,0.000195964152226225,-0.000195964152226225,-0.000195964152226225,-0.000195964152226225,0,0,0,0,0,0
1717773669,395145077,,DC1,DC2,DC3,DC4,DC5,DC6,-2,0,0,2,0,0,0.000186165954801254,0.000186165954801254,0.000186165954801254,-0.000186165954801254,-0.000186165954801254,-0.000186165954801254,0,0,0,0,0,0
1717773669,445591581,,DC1,DC2,DC3,DC4,DC5,DC6,-2,0,0,2,0,0,0.000176857647602446,0.000176857647602446,0.000176857647602446,-0.000176857647602446,-0.000176857647602446,-0.000176857647602446,0,0,0,0,0,0
1717773669,495370619,,DC1,DC2,DC3,DC4,DC5,DC6,-2,0,0,2,0,0,0.000168014768860303,0.000168014768860303,0.000168014768860303,-0.000168014768860303,-0.000168014768860303,-0.000168014768860303,0,0,0,0,0,0
1717773669,544990714,,DC1,DC2,DC3,DC4,DC5,DC6,-2,0,0,2,0,0,0.000159614035510458,0.000159614035510458,0.000159614035510458,-0.000159614035510458,-0.000159614035510458,-0.000159614035510458,0,0,0,0,0,0
1717773669,594641291,,DC1,DC2,DC3,DC4,DC5,DC6,-2,0,0,2,0,0,0.000151633328641765,0.000151633328641765,0.000151633328641765,-0.000151633328641765,-0.000151633328641765,-0.000151633328641765,0,0,0,0,0,0
1717773669,645019525,,DC1,DC2,DC3,DC4,DC5,DC6,-2,0,0,2,0,0,0.000144051664392464,0.000144051664392464,0.000144051664392464,-0.000144051664392464,-0.000144051664392464,-0.000144051664392464,0,0,0,0,0,0
1717773669,694977368,,DC1,DC2,DC3,DC4,DC5,DC6,-2,0,0,2,0,0,0.000136849077534862,0.000136849077534862,0.000136849077534862,-0.000136849077534862,-0.000136849077534862,-0.000136849077534862,0,0,0,0,0,0
1717773669,745483015,,DC1,DC2,DC3,DC4,DC5,DC6,-2,0,0,2,0,0,0.000130006621475331,0.000130006621475331,0.000130006621475331,-0.000130006621475331,-0.000130006621475331,-0.000130006621475331,0,0,0,0,0,0
1717773669,795030916,,DC1,DC2,DC3,DC4,DC5,DC6,-2,0,0,2,0,0,0.000123506295494735,0.000123506295494735,0.000123506295494735,-0.000123506295494735,-0.000123506295494735,-0.000123506295494735,0,0,0,0,0,0
1717773669,845405653,,DC1,DC2,DC3,DC4,DC5,DC6,-2,0,0,2,0,0,0.000117330979264807,0.000117330979264807,0.000117330979264807,-0.000117330979264807,-0.000117330979264807,-0.000117330979264807,0,0,0,0,0,0
1717773669,895134037,,DC1,DC2,DC3,DC4,DC5,DC6,-2,0,0,2,0,0,0.000111464432848152,0.000111464432848152,0.000111464432848152,-0.000111464432848152,-0.000111464432848152,-0.000111464432848152,0,0,0,0,0,0
1717773669,945205025,,DC1,DC2,DC3,DC4,DC5,DC6,-2,0,0,2,0,0,0.000105891209386755,0.000105891209386755,0.000105891209386755,-0.000105891209386755,-0.000105891209386755,-0.000105891209386755,0,0,0,0,0,0
1717773669,994939265,,DC1,DC2,DC3,DC4,DC5,DC6,-2,0,0,2,0,0,0.000100596647826023,0.000100596647826023,0.000100596647826023,-0.000100596647826023,-0.000100596647826023,-0.000100596647826023,0,0,0,0,0,0
1717773670,45213585,,DC1,DC2,DC3,DC4,DC5,DC6,-2,0,0,2,0,0,9.55668147071265E-05,9.55668147071265E-05,9.55668147071265E-05,-9.55668147071265E-05,-9.55668147071265E-05,-9.55668147071265E-05,0,0,0,0,0,0
1717773670,95142961,,DC1,DC2,DC3,DC4,DC5,DC6,-2,0,0,2,0,0,9.07884750631638E-05,9.07884750631638E-05,9.07884750631638E-05,-9.07884750631638E-05,-9.07884750631638E-05,-9.07884750631638E-05,0,0,0,0,0,0
1717773670,145242588,,DC1,DC2,DC3,DC4,DC5,DC6,-2,0,0,2,0,0,8.62490487634204E-05,8.62490487634204E-05,8.62490487634204E-05,-8.62490487634204E-05,-8.62490487634204E-05,-8.62490487634204E-05,0,0,0,0,0,0
1717773670,194857474,,DC1,DC2,DC3,DC4,DC5,DC6,-2,0,0,2,0,0,8.19365959614515E-05,8.19365959614515E-05,8.19365959614515E-05,-8.19365959614515E-05,-8.19365959614515E-05,-8.19365959614515E-05,0,0,0,0,0,0
1717773670,244896605,,DC1,DC2,DC3,DC4,DC5,DC6,-2,0,0,2,0,0,7.78397661633789E-05,7.78397661633789E-05,7.78397661633789E-05,-7.78397661633789E-05,-7.78397661633789E-05,-7.78397661633789E-05,0,0,0,0,0,0
1717773670,295483260,,DC1,DC2,DC3,DC4,DC5,DC6,-2,0,0,2,0,0,7.39477836759761E-05,7.39477836759761E-05,7.39477836759761E-05,-7.39477836759761E-05,-7.39477836759761E-05,-7.39477836759761E-05,0,0,0,0,0,0
1717773670,345620633,,DC1,DC2,DC3,DC4,DC5,DC6,-2,0,0,2,0,0,7.0250389399007E-05,7.0250389399007E-05,7.0250389399007E-05,-7.0250389399007E-05,-7.0250389399007E-05,-7.0250389399007E-05,0,0,0,0,0,0
1717773670,394906933,,DC1,DC2,DC3,DC4,DC5,DC6,-2,0,0,2,0,0,6.67378699290566E-05,6.67378699290566E-05,6.67378699290566E-05,-6.67378699290566E-05,-6.67378699290566E-05,-6.67378699290566E-05,0,0,0,0,0,0
1717773670,445169329,,DC1,DC2,DC3,DC4,DC5,DC6,-2,0,0,2,0,0,6.34009775239974E-05,6.34009775239974E-05,6.34009775239974E-05,-6.34009775239974E-05,-6.34009775239974E-05,-6.34009775239974E-05,0,0,0,0,0,0
1717773670,495389295,,DC1,DC2,DC3,DC4,DC5,DC6,-2,0,0,2,0,0,6.02309301029891E-05,6.02309301029891E-05,6.02309301029891E-05,-6.02309301029891E-05,-6.02309301029891E-05,-6.02309301029891E-05,0,0,0,0,0,0
1717773670,545450898,,DC1,DC2,DC3,DC4,DC5,DC6,-2,0,0,2,0,0,5.72193821426481E-05,5.72193821426481E-05,5.72193821426481E-05,-5.72193821426481E-05,-5.72193821426481E-05,-5.72193821426481E-05,0,0,0,0,0,0
1717773670,594920136,,DC1,DC2,DC3,DC4,DC5,DC6,-2,0,0,2,0,0,5.43584137631115E-05,5.43584137631115E-05,5.43584137631115E-05,-5.43584137631115E-05,-5.43584137631115E-05,-5.43584137631115E-05,0,0,0,0,0,0
1717773670,645096395,,DC1,DC2,DC3,DC4,DC5,DC6,-2,0,0,2,0,0,5.16404943482485E-05,5.16404943482485E-05,5.16404943482485E-05,-5.16404943482485E-05,-5.16404943482485E-05,-5.16404943482485E-05,0,0,0,0,0,0
1717773670,695184254,,DC1,DC2,DC3,DC4,DC5,DC6,-2,0,0,2,0,0,4.90584679937456E-05,4.90584679937456E-05,4.90584679937456E-05,-4.90584679937456E-05,-4.90584679937456E-05,-4.90584679937456E-05,0,0,0,0,0,0
1717773670,744834407,,DC1,DC2,DC3,DC4,DC5,DC6,-2,0,0,2,0,0,4.66055462311488E-05,4.66055462311488E-05,4.66055462311488E-05,-4.66055462311488E-05,-4.66055462311488E-05,-4.66055462311488E-05,0,0,0,0,0,0
1717773670,794678794,,DC1,DC2,DC3,DC4,DC5,DC6,-2,0,0,2,0,0,4.42752680100966E-05,4.42752680100966E-05,4.42752680100966E-05,-4.42752680100966E-05,-4.42752680100966E-05,-4.42752680100966E-05,0,0,0,0,0,0
1717773670,844734139,,DC1,DC2,DC3,DC4,DC5,DC6,-2,0,0,2,0,0,4.20615033362992E-05,4.20615033362992E-05,4.20615033362992E-05,-4.20615033362992E-05,-4.20615033362992E-05,-4.20615033362992E-05,0,0,0,0,0,0
1717773670,894645114,,DC1,DC2,DC3,DC4,DC5,DC6,-2,0,0,2,0,0,3.99584278056864E-05,3.99584278056864E-05,3.99584278056864E-05,-3.99584278056864E-05,-3.99584278056864E-05,-3.99584278056864E-05,0,0,0,0,0,0
1717773670,944901009,,DC1,DC2,DC3,DC4,DC5,DC6,-2,0,0,2,0,0,3.79605080524925E-05,3.79605080524925E-05,3.79605080524925E-05,-3.79605080524925E-05,-3.79605080524925E-05,-3.79605080524925E-05,0,0,0,0,0,0
1717773670,994733019,,DC1,DC2,DC3,DC4,DC5,DC6,-2,0,0,2,0,0,3.60624835593626E-05,3.60624835593626E-05,3.60624835593626E-05,-3.60624835593626E-05,-3.60624835593626E-05,-3.60624835593626E-05,0,0,0,0,0,0
1717773671,45539424,,DC1,DC2,DC3,DC4,DC5,DC6,-2,0,0,2,0,0,3.42593593813945E-05,3.42593593813945E-05,3.42593593813945E-05,-3.42593593813945E-05,-3.42593593813945E-05,-3.42593593813945E-05,0,0,0,0,0,0
1717773671,95350086,,DC1,DC2,DC3,DC4,DC5,DC6,-2,0,0,2,0,0,3.25463915942237E-05,3.25463915942237E-05,3.25463915942237E-05,-3.25463915942237E-05,-3.25463915942237E-05,-3.25463915942237E-05,0,0,0,0,0,0
1717773671,145727454,,DC1,DC2,DC3,DC4,DC5,DC6,-2,0,0,2,0,0,3.09190691041294E-05,3.09190691041294E-05,3.09190691041294E-05,-3.09190691041294E-05,-3.09190691041294E-05,-3.09190691041294E-05,0,0,0,0,0,0
1717773671,195198734,,DC1,DC2,DC3,DC4,DC5,DC6,-2,0,0,2,0,0,2.93731172860134E-05,2.93731172860134E-05,2.93731172860134E-05,-2.93731172860134E-05,-2.93731172860134E-05,-2.93731172860134E-05,0,0,0,0,0,0
1717773671,244734374,,DC1,DC2,DC3,DC4,DC5,DC6,-2,0,0,2,0,0,2.79044616036117E-05,2.79044616036117E-05,2.79044616036117E-05,-2.79044616036117E-05,-2.79044616036117E-05,-2.79044616036117E-05,0,0,0,0,0,0
1717773671,295070645,,DC1,DC2,DC3,DC4,DC5,DC6,-2,0,0,2,0,0,2.65092385234311E-05,2.65092385234311E-05,2.65092385234311E-05,-2.65092385234311E-05,-2.65092385234311E-05,-2.65092385234311E-05,0,0,0,0,0,0
1717773671,344778888,,DC1,DC2,DC3,DC4,DC5,DC6,-2,0,0,2,0,0,2.51837773248553E-05,2.51837773248553E-05,2.51837773248553E-05,-2.51837773248553E-05,-2.51837773248553E-05,-2.51837773248553E-05,0,0,0,0,0,0
1717773671,394855964,,DC1,DC2,DC3,DC4,DC5,DC6,-2,0,0,2,0,0,2.39245873672189E-05,2.39245873672189E-05,2.39245873672189E-05,-2.39245873672189E-05,-2.39245873672189E-05,-2.39245873672189E-05,0,0,0,0,0,0
1717773671,445183527,,DC1,DC2,DC3,DC4,DC5,DC6,-2,0,0,2,0,0,2.27283580898074E-05,2.27283580898074E-05,2.27283580898074E-05,-2.27283580898074E-05,-2.27283580898074E-05,-2.27283580898074E-05,0,0,0,0,0,0
1717773671,495153843,,DC1,DC2,DC3,DC4,DC5,DC6,-2,0,0,2,0,0,2.15919408219634E-05,2.15919408219634E-05,2.15919408219634E-05,-2.15919408219634E-05,-2.15919408219634E-05,-2.15919408219634E-05,0,0,0,0,0,0
1717773671,545533165,,DC1,DC2,DC3,DC4,DC5,DC6,-2,0,0,2,0,0,2.05123433261178E-05,2.05123433261178E-05,2.05123433261178E-05,-2.05123433261178E-05,-2.05123433261178E-05,-2.05123433261178E-05,0,0,0,0,0,0
1717773671,594868388,,DC1,DC2,DC3,DC4,DC5,DC6,-2,0,0,2,0,0,1.9486726159812E-05,1.9486726159812E-05,1.9486726159812E-05,-1.9486726159812E-05,-1.9486726159812E-05,-1.9486726159812E-05,0,0,0,0,0,0
1717773671,645164517,,DC1,DC2,DC3,DC4,DC5,DC6,-2,0,0,2,0,0,1.85123899427708E-05,1.85123899427708E-05,1.85123899427708E-05,-1.85123899427708E-05,-1.85123899427708E-05,-1.85123899427708E-05,0,0,0,0,0,0
1717773671,694729062,,DC1,DC2,DC3,DC4,DC5,DC6,-2,0,0,2,0,0,1.75867698999355E-05,1.75867698999355E-05,1.75867698999355E-05,-1.75867698999355E-05,-1.75867698999355E-05,-1.75867698999355E-05,0,0,0,0,0,0
1717773671,745277192,,DC1,DC2,DC3,DC4,DC5,DC6,-2,0,0,2,0,0,1.67074322234839E-05,1.67074322234839E-05,1.67074322234839E-05,-1.67074322234839E-05,-1.67074322234839E-05,-1.67074322234839E-05,0,0,0,0,0,0
1717773671,795385560,,DC1,DC2,DC3,DC4,DC5,DC6,-2,0,0,2,0,0,1.58720595209161E-05,1.58720595209161E-05,1.58720595209161E-05,-1.58720595209161E-05,-1.58720595209161E-05,-1.58720595209161E-05,0,0,0,0,0,0
1717773671,845141838,,DC1,DC2,DC3,DC4,DC5,DC6,-2,0,0,2,0,0,1.50784571815166E-05,1.50784571815166E-05,1.50784571815166E-05,-1.50784571815166E-05,-1.50784571815166E-05,-1.50784571815166E-05,0,0,0,0,0,0
1717773671,895122474,,DC1,DC2,DC3,DC4,DC5,DC6,-2,0,0,2,0,0,1.4324534276966E-05,1.4324534276966E-05,1.4324534276966E-05,-1.4324534276966E-05,-1.4324534276966E-05,-1.4324534276966E-05,0,0,0,0,0,0
1717773671,944755341,,DC1,DC2,DC3,DC4,DC5,DC6,-2,0,0,2,0,0,1.36083081088145E-05,1.36083081088145E-05,1.36083081088145E-05,-1.36083081088145E-05,-1.36083081088145E-05,-1.36083081088145E-05,0,0,0,0,0,0
1717773671,995028471,,DC1,DC2,DC3,DC4,DC5,DC6,-2,0,0,2,0,0,1.29278923850507E-05,1.29278923850507E-05,1.29278923850507E-05,-1.29278923850507E-05,-1.29278923850507E-05,-1.29278923850507E-05,0,0,0,0,0,0
1717773672,45303935,,DC1,DC2,DC3,DC4,DC5,DC6,-2,0,0,2,0,0,1.2281498129596E-05,1.2281498129596E-05,1.2281498129596E-05,-1.2281498129596E-05,-1.2281498129596E-05,-1.2281498129596E-05,0,0,0,0,0,0
1717773672,95047816,,DC1,DC2,DC3,DC4,DC5,DC6,-2,0,0,2,0,0,1.16674227683689E-05,1.16674227683689E-05,1.16674227683689E-05,-1.16674227683689E-05,-1.16674227683689E-05,-1.16674227683689E-05,0,0,0,0,0,0
1717773672,144838304,,DC1,DC2,DC3,DC4,DC5,DC6,-2,0,0,2,0,0,1.10840519482736E-05,1.10840519482736E-05,1.10840519482736E-05,-1.10840519482736E-05,-1.10840519482736E-05,-1.10840519482736E-05,0,0,0,0,0,0
1717773672,194812077,,DC1,DC2,DC3,DC4,DC5,DC6,-2,0,0,2,0,0,1.05298486232641E-05,1.05298486232641E-05,1.05298486232641E-05,-1.05298486232641E-05,-1.05298486232641E-05,-1.05298486232641E-05,0,0,0,0,0,0
1717773672,245100472,,DC1,DC2,DC3,DC4,DC5,DC6,-2,0,0,2,0,0,1.0003356692323E-05,1.0003356692323E-05,1.0003356692323E-05,-1.0003356692323E-05,-1.0003356692323E-05,-1.0003356692323E-05,0,0,0,0,0,0
1717773672,295149864,,DC1,DC2,DC3,DC4,DC5,DC6,-2,0,0,2,0,0,9.50318917602999E-06,9.50318917602999E-06,9.50318917602999E-06,-9.50318917602999E-06,-9.50318917602999E-06,-9.50318917602999E-06,0,0,0,0,0,0
1717773672,345120510,,DC1,DC2,DC3,DC4,DC5,DC6,-2,0,0,2,0,0,9.02802912605694E-06,9.02802912605694E-06,9.02802912605694E-06,-9.02802912605694E-06,-9.02802912605694E-06,-9.02802912605694E-06,0,0,0,0,0,0
1717773672,395147039,,DC1,DC2,DC3,DC4,DC5,DC6,-2,0,0,2,0,0,8.57662780617829E-06,8.57662780617829E-06,8.57662780617829E-06,-8.57662780617829E-06,-8.57662780617829E-06,-8.57662780617829E-06,0,0,0,0,0,0
1717773672,445470174,,DC1,DC2,DC3,DC4,DC5,DC6,-2,0,0,2,0,0,8.14779650681885E-06,8.14779650681885E-06,8.14779650681885E-06,-8.14779650681885E-06,-8.14779650681885E-06,-8.14779650681885E-06,0,0,0,0,0,0
1717773672,495162547,,DC1,DC2,DC3,DC4,DC5,DC6,-2,0,0,2,0,0,7.7404065450537E-06,7.7404065450537E-06,7.7404065450537E-06,-7.7404065450537E-06,-7.7404065450537E-06,-7.7404065450537E-06,0,0,0,0,0,0
1717773672,545752712,,DC1,DC2,DC3,DC4,DC5,DC6,-2,0,0,2,0,0,7.35338653612416E-06,7.35338653612416E-06,7.35338653612416E-06,-7.35338653612416E-06,-7.35338653612416E-06,-7.35338653612416E-06,0,0,0,0,0,0
1717773672,595673769,,DC1,DC2,DC3,DC4,DC5,DC6,-2,0,0,2,0,0,6.98571693646954E-06,6.98571693646954E-06,6.98571693646954E-06,-6.98571693646954E-06,-6.98571693646954E-06,-6.98571693646954E-06,0,0,0,0,0,0
1717773672,645329910,,DC1,DC2,DC3,DC4,DC5,DC6,-2,0,0,2,0,0,6.63643095322186E-06,6.63643095322186E-06,6.63643095322186E-06,-6.63643095322186E-06,-6.63643095322186E-06,-6.63643095322186E-06,0,0,0,0,0,0
1717773672,695589246,,DC1,DC2,DC3,DC4,DC5,DC6,-2,0,0,2,0,0,6.30460954198497E-06,6.30460954198497E-06,6.30460954198497E-06,-6.30460954198497E-06,-6.30460954198497E-06,-6.30460954198497E-06,0,0,0,0,0,0
1717773672,745431319,,DC1,DC2,DC3,DC4,DC5,DC6,-2,0,0,2,0,0,5.98937913309783E-06,5.98937913309783E-06,5.98937913309783E-06,-5.98937913309783E-06,-5.98937913309783E-06,-5.98937913309783E-06,0,0,0,0,0,0
1717773672,794914130,,DC1,DC2,DC3,DC4,DC5,DC6,-2,0,0,2,0,0,5.68991026739241E-06,5.68991026739241E-06,5.68991026739241E-06,-5.68991026739241E-06,-5.68991026739241E-06,-5.68991026739241E-06,0,0,0,0,0,0
1717773672,844738363,,DC1,DC2,DC3,DC4,DC5,DC6,-2,0,0,2,0,0,5.40541486770962E-06,5.40541486770962E-06,5.40541486770962E-06,-5.40541486770962E-06,-5.40541486770962E-06,-5.40541486770962E-06,0,0,0,0,0,0
1717773672,894986882,,DC1,DC2,DC3,DC4,DC5,DC6,-2,0,0,2,0,0,5.13514396516257E-06,5.13514396516257E-06,5.13514396516257E-06,-5.13514396516257E-06,-5.13514396516257E-06,-5.13514396516257E-06,0,0,0,0,0,0
1717773672,945981181,,DC1,DC2,DC3,DC4,DC5,DC6,-2,0,0,2,0,0,4.87838678964181E-06,4.87838678964181E-06,4.87838678964181E-06,-4.87838678964181E-06,-4.87838678964181E-06,-4.87838678964181E-06,0,0,0,0,0,0
1717773672,995187496,,DC1,DC2,DC3,DC4,DC5,DC6,-2,0,0,2,0,0,4.63446758658392E-06,4.63446758658392E-06,4.63446758658392E-06,-4.63446758658392E-06,-4.63446758658392E-06,-4.63446758658392E-06,0,0,0,0,0,0
1717773673,44460511,,DC1,DC2,DC3,DC4,DC5,DC6,-2,0,0,2,0,0,4.40274379798211E-06,4.40274379798211E-06,4.40274379798211E-06,-4.40274379798211E-06,-4.40274379798211E-06,-4.40274379798211E-06,0,0,0,0,0,0
1717773673,95038105,,DC1,DC2,DC3,DC4,DC5,DC6,-2,0,0,2,0,0,4.18260697188089E-06,4.18260697188089E-06,4.18260697188089E-06,-4.18260697188089E-06,-4.18260697188089E-06,-4.18260697188089E-06,0,0,0,0,0,0
1717773673,146041643,,DC1,DC2,DC3,DC4,DC5,DC6,-2,0,0,2,0,0,3.97347639591317E-06,3.97347639591317E-06,3.97347639591317E-06,-3.97347639591317E-06,-3.97347639591317E-06,-3.97347639591317E-06,0,0,0,0,0,0
1717773673,195041117,,DC1,DC2,DC3,DC4,DC5,DC6,-2,0,0,2,0,0,3.77480273527908E-06,3.77480273527908E-06,3.77480273527908E-06,-3.77480273527908E-06,-3.77480273527908E-06,-3.77480273527908E-06,0,0,0,0,0,0
1717773673,245661236,,DC1,DC2,DC3,DC4,DC5,DC6,-2,0,0,2,0,0,3.58606257577776E-06,3.58606257577776E-06,3.58606257577776E-06,-3.58606257577776E-06,-3.58606257577776E-06,-3.58606257577776E-06,0,0,0,0,0,0
1717773673,295385345,,DC1,DC2,DC3,DC4,DC5,DC6,-2,0,0,2,0,0,3.40675933330203E-06,3.40675933330203E-06,3.40675933330203E-06,-3.40675933330203E-06,-3.40675933330203E-06,-3.40675933330203E-06,0,0,0,0,0,0
1717773673,345114277,,DC1,DC2,DC3,DC4,DC5,DC6,-2,0,0,2,0,0,3.23642143484903E-06,3.23642143484903E-06,3.23642143484903E-06,-3.23642143484903E-06,-3.23642143484903E-06,-3.23642143484903E-06,0,0,0,0,0,0
1717773673,395541626,,DC1,DC2,DC3,DC4,DC5,DC6,-2,0,0,2,0,0,3.07460027215711E-06,3.07460027215711E-06,3.07460027215711E-06,-3.07460027215711E-06,-3.07460027215711E-06,-3.07460027215711E-06,0,0,0,0,0,0
1717773673,445491677,,DC1,DC2,DC3,DC4,DC5,DC6,-2,0,0,2,0,0,2.92087042907951E-06,2.92087042907951E-06,2.92087042907951E-06,-2.92087042907951E-06,-2.92087042907951E-06,-2.92087042907951E-06,0,0,0,0,0,0
1717773673,495323263,,DC1,DC2,DC3,DC4,DC5,DC6,-2,0,0,2,0,0,2.7748267257266E-06,2.7748267257266E-06,2.7748267257266E-06,-2.7748267257266E-06,-2.7748267257266E-06,-2.7748267257266E-06,0,0,0,0,0,0
1717773673,545121911,,DC1,DC2,DC3,DC4,DC5,DC6,-2,0,0,2,0,0,2.63608558270789E-06,2.63608558270789E-06,2.63608558270789E-06,-2.63608558270789E-06,-2.63608558270789E-06,-2.63608558270789E-06,0,0,0,0,0,0
1717773673,595034431,,DC1,DC2,DC3,DC4,DC5,DC6,-2,0,0,2,0,0,2.50428115577961E-06,2.50428115577961E-06,2.50428115577961E-06,-2.50428115577961E-06,-2.50428115577961E-06,-2.50428115577961E-06,0,0,0,0,0,0
1717773673,645628878,,DC1,DC2,DC3,DC4,DC5,DC6,-2,0,0,2,0,0,2.37906715483405E-06,2.37906715483405E-06,2.37906715483405E-06,-2.37906715483405E-06,-2.37906715483405E-06,-2.37906715483405E-06,0,0,0,0,0,0
1717773673,694942825,,DC1,DC2,DC3,DC4,DC5,DC6,-2,0,0,2,0,0,2.26011388804181E-06,2.26011388804181E-06,2.26011388804181E-06,-2.26011388804181E-06,-2.26011388804181E-06,-2.26011388804181E-06,0,0,0,0,0,0
1717773673,744957353,,DC1,DC2,DC3,DC4,DC5,DC6,-2,0,0,2,0,0,2.14710803447815E-06,2.14710803447815E-06,2.14710803447815E-06,-2.14710803447815E-06,-2.14710803447815E-06,-2.14710803447815E-06,0,0,0,0,0,0
1717773673,795166860,,DC1,DC2,DC3,DC4,DC5,DC6,-2,0,0,2,0,0,2.03975264412293E-06,2.03975264412293E-06,2.03975264412293E-06,-2.03975264412293E-06,-2.03975264412293E-06,-2.03975264412293E-06,0,0,0,0,0,0
1717773673,845138688,,DC1,DC2,DC3,DC4,DC5,DC6,-2,0,0,2,0,0,1.93776509149757E-06,1.93776509149757E-06,1.93776509149757E-06,-1.93776509149757E-06,-1.93776509149757E-06,-1.93776509149757E-06,0,0,0,0,0,0
1717773673,894744958,,DC1,DC2,DC3,DC4,DC5,DC6,-2,0,0,2,0,0,1.84087684829137E-06,1.84087684829137E-06,1.84087684829137E-06,-1.84087684829137E-06,-1.84087684829137E-06,-1.84087684829137E-06,0,0,0,0,0,0
1717773673,944837633,,DC1,DC2,DC3,DC4,DC5,DC6,-2,0,0,2,0,0,1.74883291492733E-06,1.74883291492733E-06,1.74883291492733E-06,-1.74883291492733E-06,-1.74883291492733E-06,-1.74883291492733E-06,0,0,0,0,0,0
1717773673,994906041,,DC1,DC2,DC3,DC4,DC5,DC6,-2,0,0,2,0,0,1.66139136581478E-06,1.66139136581478E-06,1.66139136581478E-06,-1.66139136581478E-06,-1.66139136581478E-06,-1.66139136581478E-06,0,0,0,0,0,0
