1717772701,295618242,,DC1,DC2,DC3,DC4,DC5,DC6,-2.0,0.0,0.0,2.0,0.0,0.0,1.0972975132972351e-06,1.0972975132972351e-06,1.0972975132972351e-06,-1.0972975132972351e-06,-1.0972975132972351e-06,-1.0972975132972351e-06,0.0,0.0,0.0,0.0,0.0,0.0
1717772701,344608661,,DC1,DC2,DC3,DC4,DC5,DC6,-2.0,0.0,0.0,2.0,0.0,0.0,1.0424325864732964e-06,1.0424325864732964e-06,1.0424325864732964e-06,-1.0424325864732964e-06,-1.0424325864732964e-06,-1.0424325864732964e-06,0.0,0.0,0.0,0.0,0.0,0.0
1717772701,394969910,,DC1,DC2,DC3,DC4,DC5,DC6,-2.0,0.0,0.0,2.0,0.0,0.0,9.90311036730418e-07,9.90311036730418e-07,9.90311036730418e-07,-9.90311036730418e-07,-9.90311036730418e-07,-9.90311036730418e-07,0.0,0.0,0.0,0.0,0.0,0.0
1717772701,444672654,,DC1,DC2,DC3,DC4,DC5,DC6,-2.0,0.0,0.0,2.0,0.0,0.0,9.407954735252133e-07,9.407954735252133e-07,9.407954735252133e-07,-9.407954735252133e-07,-9.407954735252133e-07,-9.407954735252133e-07,0.0,0.0,0.0,0.0,0.0,0.0
1717772701,495264181,,DC1,DC2,DC3,DC4,DC5,DC6,-2.0,0.0,0.0,2.0,0.0,0.0,8.937556685850723e-07,8.937556685850723e-07,8.937556685850723e-07,-8.937556685850723e-07,-8.937556685850723e-07,-8.937556685850723e-07,0.0,0.0,0.0,0.0,0.0,0.0
1717772701,544608269,,DC1,DC2,DC3,DC4,DC5,DC6,-2.0,0.0,0.0,2.0,0.0,0.0,8.490678737871349e-07,8.490678737871349e-07,8.490678737871349e-07,-8.490678737871349e-07,-8.490678737871349e-07,-8.490678737871349e-07,0.0,0.0,0.0,0.0,0.0,0.0
1717772701,595387361,,DC1,DC2,DC3,DC4,DC5,DC6,-2.0,0.0,0.0,2.0,0.0,0.0,8.066144800977781e-07,8.066144800977781e-07,8.066144800977781e-07,-8.066144800977781e-07,-8.066144800977781e-07,-8.066144800977781e-07,0.0,0.0,0.0,0.0,0.0,0.0
1717772701,644649154,,DC1,DC2,DC3,DC4,DC5,DC6,-2.0,0.0,0.0,2.0,0.0,0.0,7.662837901989406e-07,7.662837901989406e-07,7.662837901989406e-07,-7.662837901989406e-07,-7.662837901989406e-07,-7.662837901989406e-07,0.0,0.0,0.0,0.0,0.0,0.0
1717772701,694787895,,DC1,DC2,DC3,DC4,DC5,DC6,-2.0,0.0,0.0,2.0,0.0,0.0,7.279695637407713e-07,7.279695637407713e-07,7.279695637407713e-07,-7.279695637407713e-07,-7.279695637407713e-07,-7.279695637407713e-07,0.0,0.0,0.0,0.0,0.0,0.0
1717772701,745131656,,DC1,DC2,DC3,DC4,DC5,DC6,-2.0,0.0,0.0,2.0,0.0,0.0,6.915711310284678e-07,6.915711310284678e-07,6.915711310284678e-07,-6.915711310284678e-07,-6.915711310284678e-07,-6.915711310284678e-07,0.0,0.0,0.0,0.0,0.0,0.0
1717772701,794834296,,DC1,DC2,DC3,DC4,DC5,DC6,-2.0,0.0,0.0,2.0,0.0,0.0,6.569925403709931e-07,6.569925403709931e-07,6.569925403709931e-07,-6.569925403709931e-07,-6.569925403709931e-07,-6.569925403709931e-07,0.0,0.0,0.0,0.0,0.0,0.0
1717772701,845134163,,DC1,DC2,DC3,DC4,DC5,DC6,-2.0,0.0,0.0,2.0,0.0,0.0,6.241428991415887e-07,6.241428991415887e-07,6.241428991415887e-07,-6.241428991415887e-07,-6.241428991415887e-07,-6.241428991415887e-07,0.0,0.0,0.0,0.0,0.0,0.0
1717772701,894938224,,DC1,DC2,DC3,DC4,DC5,DC6,-2.0,0.0,0.0,2.0,0.0,0.0,5.929358053435863e-07,5.929358053435863e-07,5.929358053435863e-07,-5.929358053435863e-07,-5.929358053435863e-07,-5.929358053435863e-07,0.0,0.0,0.0,0.0,0.0,0.0
1717772701,944846305,,DC1,DC2,DC3,DC4,DC5,DC6,-2.0,0.0,0.0,2.0,0.0,0.0,5.632890065498941e-07,5.632890065498941e-07,5.632890065498941e-07,-5.632890065498941e-07,-5.632890065498941e-07,-5.632890065498941e-07,0.0,0.0,0.0,0.0,0.0,0.0
1717772701,994846138,,DC1,DC2,DC3,DC4,DC5,DC6,-2.0,0.0,0.0,2.0,0.0,0.0,5.351245135898353e-07,5.351245135898353e-07,5.351245135898353e-07,-5.351245135898353e-07,-5.351245135898353e-07,-5.351245135898353e-07,0.0,0.0,0.0,0.0,0.0,0.0
1717772702,45181267,,DC1,DC2,DC3,DC4,DC5,DC6,-2.0,0.0,0.0,2.0,0.0,0.0,5.083683163320529e-07,5.083683163320529e-07,5.083683163320529e-07,-5.083683163320529e-07,-5.083683163320529e-07,-5.083683163320529e-07,0.0,0.0,0.0,0.0,0.0,0.0
1717772702,94771318,,DC1,DC2,DC3,DC4,DC5,DC6,-2.0,0.0,0.0,2.0,0.0,0.0,4.829498720937409e-07,4.829498720937409e-07,4.829498720937409e-07,-4.829498720937409e-07,-4.829498720937409e-07,-4.829498720937409e-07,0.0,0.0,0.0,0.0,0.0,0.0
1717772702,144819564,,DC1,DC2,DC3,DC4,DC5,DC6,-2.0,0.0,0.0,2.0,0.0,0.0,4.588023898577376e-07,4.588023898577376e-07,4.588023898577376e-07,-4.588023898577376e-07,-4.588023898577376e-07,-4.588023898577376e-07,0.0,0.0,0.0,0.0,0.0,0.0
1717772702,195159850,,DC1,DC2,DC3,DC4,DC5,DC6,-2.0,0.0,0.0,2.0,0.0,0.0,4.358622902600473e-07,4.358622902600473e-07,4.358622902600473e-07,-4.358622902600473e-07,-4.358622902600473e-07,-4.358622902600473e-07,0.0,0.0,0.0,0.0,0.0,0.0
1717772702,244915024,,DC1,DC2,DC3,DC4,DC5,DC6,-2.0,0.0,0.0,2.0,0.0,0.0,4.140691771681304e-07,4.140691771681304e-07,4.140691771681304e-07,-4.140691771681304e-07,-4.140691771681304e-07,-4.140691771681304e-07,0.0,0.0,0.0,0.0,0.0,0.0
1717772702,295036784,,DC1,DC2,DC3,DC4,DC5,DC6,-2.0,0.0,0.0,2.0,0.0,0.0,3.933657239940658e-07,3.933657239940658e-07,3.933657239940658e-07,-3.933657239940658e-07,-3.933657239940658e-07,-3.933657239940658e-07,0.0,0.0,0.0,0.0,0.0,0.0
1717772702,345029449,,DC1,DC2,DC3,DC4,DC5,DC6,-2.0,0.0,0.0,2.0,0.0,0.0,3.736974178991659e-07,3.736974178991659e-07,3.736974178991659e-07,-3.736974178991659e-07,-3.736974178991659e-07,-3.736974178991659e-07,0.0,0.0,0.0,0.0,0.0,0.0
1717772702,395042544,,DC1,DC2,DC3,DC4,DC5,DC6,-2.0,0.0,0.0,2.0,0.0,0.0,3.5501255979397683e-07,3.5501255979397683e-07,3.5501255979397683e-07,-3.5501255979397683e-07,-3.5501255979397683e-07,-3.5501255979397683e-07,0.0,0.0,0.0,0.0,0.0,0.0
1717772702,444842326,,DC1,DC2,DC3,DC4,DC5,DC6,-2.0,0.0,0.0,2.0,0.0,0.0,3.3726192327776516e-07,3.3726192327776516e-07,3.3726192327776516e-07,-3.3726192327776516e-07,-3.3726192327776516e-07,-3.3726192327776516e-07,0.0,0.0,0.0,0.0,0.0,0.0
1717772702,494831907,,DC1,DC2,DC3,DC4,DC5,DC6,-2.0,0.0,0.0,2.0,0.0,0.0,3.2039883990364615e-07,3.2039883990364615e-07,3.2039883990364615e-07,-3.2039883990364615e-07,-3.2039883990364615e-07,-3.2039883990364615e-07,0.0,0.0,0.0,0.0,0.0,0.0
1717772702,545049100,,DC1,DC2,DC3,DC4,DC5,DC6,-2.0,0.0,0.0,2.0,0.0,0.0,3.0437888653978007e-07,3.0437888653978007e-07,3.0437888653978007e-07,-3.0437888653978007e-07,-3.0437888653978007e-07,-3.0437888653978007e-07,0.0,0.0,0.0,0.0,0.0,0.0
1717772702,595376725,,DC1,DC2,DC3,DC4,DC5,DC6,-2.0,0.0,0.0,2.0,0.0,0.0,2.8915994221279107e-07,2.8915994221279107e-07,2.8915994221279107e-07,-2.8915994221279107e-07,-2.8915994221279107e-07,-2.8915994221279107e-07,0.0,0.0,0.0,0.0,0.0,0.0
1717772702,644998987,,DC1,DC2,DC3,DC4,DC5,DC6,-2.0,0.0,0.0,2.0,0.0,0.0,2.7470193231238227e-07,2.7470193231238227e-07,2.7470193231238227e-07,-2.7470193231238227e-07,-2.7470193231238227e-07,-2.7470193231238227e-07,0.0,0.0,0.0,0.0,0.0,0.0
1717772702,694834255,,DC1,DC2,DC3,DC4,DC5,DC6,-2.0,0.0,0.0,2.0,0.0,0.0,2.6096685701304523e-07,2.6096685701304523e-07,2.6096685701304523e-07,-2.6096685701304523e-07,-2.6096685701304523e-07,-2.6096685701304523e-07,0.0,0.0,0.0,0.0,0.0,0.0
1717772702,744901563,,DC1,DC2,DC3,DC4,DC5,DC6,-2.0,0.0,0.0,2.0,0.0,0.0,2.479185070569656e-07,2.479185070569656e-07,2.479185070569656e-07,-2.479185070569656e-07,-2.479185070569656e-07,-2.479185070569656e-07,0.0,0.0,0.0,0.0,0.0,0.0
1717772702,794839956,,DC1,DC2,DC3,DC4,DC5,DC6,-2.0,0.0,0.0,2.0,0.0,0.0,2.3552257744086091e-07,2.3552257744086091e-07,2.3552257744086091e-07,-2.3552257744086091e-07,-2.3552257744086091e-07,-2.3552257744086091e-07,0.0,0.0,0.0,0.0,0.0,0.0
1717772702,845191588,,DC1,DC2,DC3,DC4,DC5,DC6,-2.0,0.0,0.0,2.0,0.0,0.0,2.2374645425315975e-07,2.2374645425315975e-07,2.2374645425315975e-07,-2.2374645425315975e-07,-2.2374645425315975e-07,-2.2374645425315975e-07,0.0,0.0,0.0,0.0,0.0,0.0
1717772702,895482724,,DC1,DC2,DC3,DC4,DC5,DC6,-2.0,0.0,0.0,2.0,0.0,0.0,2.1255912940887356e-07,2.1255912940887356e-07,2.1255912940887356e-07,-2.1255912940887356e-07,-2.1255912940887356e-07,-2.1255912940887356e-07,0.0,0.0,0.0,0.0,0.0,0.0
1717772702,945152401,,DC1,DC2,DC3,DC4,DC5,DC6,-2.0,0.0,0.0,2.0,0.0,0.0,2.0193117222788715e-07,2.0193117222788715e-07,2.0193117222788715e-07,-2.0193117222788715e-07,-2.0193117222788715e-07,-2.0193117222788715e-07,0.0,0.0,0.0,0.0,0.0,0.0
1717772702,997545793,,DC1,DC2,DC3,DC4,DC5,DC6,-2.0,0.0,0.0,2.0,0.0,0.0,1.91834615748121e-07,1.91834615748121e-07,1.91834615748121e-07,-1.91834615748121e-07,-1.91834615748121e-07,-1.91834615748121e-07,0.0,0.0,0.0,0.0,0.0,0.0
1717772703,44340840,,DC1,DC2,DC3,DC4,DC5,DC6,-2.0,0.0,0.0,2.0,0.0,0.0,1.8224288567125768e-07,1.8224288567125768e-07,1.8224288567125768e-07,-1.8224288567125768e-07,-1.8224288567125768e-07,-1.8224288567125768e-07,0.0,0.0,0.0,0.0,0.0,0.0
1717772703,94249881,,DC1,DC2,DC3,DC4,DC5,DC6,-2.0,0.0,0.0,2.0,0.0,0.0,1.73130743519323e-07,1.73130743519323e-07,1.73130743519323e-07,-1.73130743519323e-07,-1.73130743519323e-07,-1.73130743519323e-07,0.0,0.0,0.0,0.0,0.0,0.0
1717772703,145102464,,DC1,DC2,DC3,DC4,DC5,DC6,-2.0,0.0,0.0,2.0,0.0,0.0,1.644742013695577e-07,1.644742013695577e-07,1.644742013695577e-07,-1.644742013695577e-07,-1.644742013695577e-07,-1.644742013695577e-07,0.0,0.0,0.0,0.0,0.0,0.0
1717772703,195179273,,DC1,DC2,DC3,DC4,DC5,DC6,-2.0,0.0,0.0,2.0,0.0,0.0,1.5625049343270803e-07,1.5625049343270803e-07,1.5625049343270803e-07,-1.5625049343270803e-07,-1.5625049343270803e-07,-1.5625049343270803e-07,0.0,0.0,0.0,0.0,0.0,0.0
1717772703,245073707,,DC1,DC2,DC3,DC4,DC5,DC6,-2.0,0.0,0.0,2.0,0.0,0.0,1.48437962366188e-07,1.48437962366188e-07,1.48437962366188e-07,-1.48437962366188e-07,-1.48437962366188e-07,-1.48437962366188e-07,0.0,0.0,0.0,0.0,0.0,0.0
1717772703,294930914,,DC1,DC2,DC3,DC4,DC5,DC6,-2.0,0.0,0.0,2.0,0.0,0.0,1.4101607348493417e-07,1.4101607348493417e-07,1.4101607348493417e-07,-1.4101607348493417e-07,-1.4101607348493417e-07,-1.4101607348493417e-07,0.0,0.0,0.0,0.0,0.0,0.0
1717772703,344866212,,DC1,DC2,DC3,DC4,DC5,DC6,-2.0,0.0,0.0,2.0,0.0,0.0,1.339652726528584e-07,1.339652726528584e-07,1.339652726528584e-07,-1.339652726528584e-07,-1.339652726528584e-07,-1.339652726528584e-07,0.0,0.0,0.0,0.0,0.0,0.0
1717772703,395145095,,DC1,DC2,DC3,DC4,DC5,DC6,-2.0,0.0,0.0,2.0,0.0,0.0,1.2726700049370265e-07,1.2726700049370265e-07,1.2726700049370265e-07,-1.2726700049370265e-07,-1.2726700049370265e-07,-1.2726700049370265e-07,0.0,0.0,0.0,0.0,0.0,0.0
1717772703,445111391,,DC1,DC2,DC3,DC4,DC5,DC6,-2.0,0.0,0.0,2.0,0.0,0.0,1.2090364975847478e-07,1.2090364975847478e-07,1.2090364975847478e-07,-1.2090364975847478e-07,-1.2090364975847478e-07,-1.2090364975847478e-07,0.0,0.0,0.0,0.0,0.0,0.0
1717772703,494790603,,DC1,DC2,DC3,DC4,DC5,DC6,-2.0,0.0,0.0,2.0,0.0,0.0,1.1485847295489293e-07,1.1485847295489293e-07,1.1485847295489293e-07,-1.1485847295489293e-07,-1.1485847295489293e-07,-1.1485847295489293e-07,0.0,0.0,0.0,0.0,0.0,0.0
1717772703,544547593,,DC1,DC2,DC3,DC4,DC5,DC6,-2.0,0.0,0.0,2.0,0.0,0.0,1.0911554682024871e-07,1.0911554682024871e-07,1.0911554682024871e-07,-1.0911554682024871e-07,-1.0911554682024871e-07,-1.0911554682024871e-07,0.0,0.0,0.0,0.0,0.0,0.0
1717772703,595042675,,DC1,DC2,DC3,DC4,DC5,DC6,-2.0,0.0,0.0,2.0,0.0,0.0,1.0365977232140722e-07,1.0365977232140722e-07,1.0365977232140722e-07,-1.0365977232140722e-07,-1.0365977232140722e-07,-1.0365977232140722e-07,0.0,0.0,0.0,0.0,0.0,0.0
1717772703,644433412,,DC1,DC2,DC3,DC4,DC5,DC6,-2.0,0.0,0.0,2.0,0.0,0.0,9.847678228425139e-08,9.847678228425139e-08,9.847678228425139e-08,-9.847678228425139e-08,-9.847678228425139e-08,-9.847678228425139e-08,0.0,0.0,0.0,0.0,0.0,0.0
1717772703,694477934,,DC1,DC2,DC3,DC4,DC5,DC6,-2.0,0.0,0.0,2.0,0.0,0.0,9.355294139368198e-08,9.355294139368198e-08,9.355294139368198e-08,-9.355294139368198e-08,-9.355294139368198e-08,-9.355294139368198e-08,0.0,0.0,0.0,0.0,0.0,0.0
1717772703,744408176,,DC1,DC2,DC3,DC4,DC5,DC6,-2.0,0.0,0.0,2.0,0.0,0.0,8.887529645562608e-08,8.887529645562608e-08,8.887529645562608e-08,-8.887529645562608e-08,-8.887529645562608e-08,-8.887529645562608e-08,0.0,0.0,0.0,0.0,0.0,0.0
1717772703,794749332,,DC1,DC2,DC3,DC4,DC5,DC6,-2.0,0.0,0.0,2.0,0.0,0.0,8.443152665904563e-08,8.443152665904563e-08,8.443152665904563e-08,-8.443152665904563e-08,-8.443152665904563e-08,-8.443152665904563e-08,0.0,0.0,0.0,0.0,0.0,0.0
1717772703,844729620,,DC1,DC2,DC3,DC4,DC5,DC6,-2.0,0.0,0.0,2.0,0.0,0.0,8.020995068136472e-08,8.020995068136472e-08,8.020995068136472e-08,-8.020995068136472e-08,-8.020995068136472e-08,-8.020995068136472e-08,0.0,0.0,0.0,0.0,0.0,0.0
1717772703,894962848,,DC1,DC2,DC3,DC4,DC5,DC6,-2.0,0.0,0.0,2.0,0.0,0.0,7.619945563419606e-08,7.619945563419606e-08,7.619945563419606e-08,-7.619945563419606e-08,-7.619945563419606e-08,-7.619945563419606e-08,0.0,0.0,0.0,0.0,0.0,0.0
1717772703,944976599,,DC1,DC2,DC3,DC4,DC5,DC6,-2.0,0.0,0.0,2.0,0.0,0.0,7.238948285248625e-08,7.238948285248625e-08,7.238948285248625e-08,-7.238948285248625e-08,-7.238948285248625e-08,-7.238948285248625e-08,0.0,0.0,0.0,0.0,0.0,0.0
1717772703,994710822,,DC1,DC2,DC3,DC4,DC5,DC6,-2.0,0.0,0.0,2.0,0.0,0.0,6.877000657823373e-08,6.877000657823373e-08,6.877000657823373e-08,-6.877000657823373e-08,-6.877000657823373e-08,-6.877000657823373e-08,0.0,0.0,0.0,0.0,0.0,0.0
1717772704,44923981,,DC1,DC2,DC3,DC4,DC5,DC6,-2.0,0.0,0.0,2.0,0.0,0.0,6.533150553877931e-08,6.533150553877931e-08,6.533150553877931e-08,-6.533150553877931e-08,-6.533150553877931e-08,-6.533150553877931e-08,0.0,0.0,0.0,0.0,0.0,0.0
1717772704,94534433,,DC1,DC2,DC3,DC4,DC5,DC6,-2.0,0.0,0.0,2.0,0.0,0.0,6.206493452509676e-08,6.206493452509676e-08,6.206493452509676e-08,-6.206493452509676e-08,-6.206493452509676e-08,-6.206493452509676e-08,0.0,0.0,0.0,0.0,0.0,0.0
1717772704,144594053,,DC1,DC2,DC3,DC4,DC5,DC6,-2.0,0.0,0.0,2.0,0.0,0.0,5.896168531194235e-08,5.896168531194235e-08,5.896168531194235e-08,-5.896168531194235e-08,-5.896168531194235e-08,-5.896168531194235e-08,0.0,0.0,0.0,0.0,0.0,0.0
1717772704,194939393,,DC1,DC2,DC3,DC4,DC5,DC6,-2.0,0.0,0.0,2.0,0.0,0.0,5.6013600868709545e-08,5.6013600868709545e-08,5.6013600868709545e-08,-5.6013600868709545e-08,-5.6013600868709545e-08,-5.6013600868709545e-08,0.0,0.0,0.0,0.0,0.0,0.0
1717772704,244541635,,DC1,DC2,DC3,DC4,DC5,DC6,-2.0,0.0,0.0,2.0,0.0,0.0,5.3212922068723856e-08,5.3212922068723856e-08,5.3212922068723856e-08,-5.3212922068723856e-08,-5.3212922068723856e-08,-5.3212922068723856e-08,0.0,0.0,0.0,0.0,0.0,0.0
1717772704,295068851,,DC1,DC2,DC3,DC4,DC5,DC6,-2.0,0.0,0.0,2.0,0.0,0.0,5.0552277031101767e-08,5.0552277031101767e-08,5.0552277031101767e-08,-5.0552277031101767e-08,-5.0552277031101767e-08,-5.0552277031101767e-08,0.0,0.0,0.0,0.0,0.0,0.0
1717772704,344672461,,DC1,DC2,DC3,DC4,DC5,DC6,-2.0,0.0,0.0,2.0,0.0,0.0,4.802466335718236e-08,4.802466335718236e-08,4.802466335718236e-08,-4.802466335718236e-08,-4.802466335718236e-08,-4.802466335718236e-08,0.0,0.0,0.0,0.0,0.0,0.0
1717772704,394831377,,DC1,DC2,DC3,DC4,DC5,DC6,-2.0,0.0,0.0,2.0,0.0,0.0,4.562343036695893e-08,4.562343036695893e-08,4.562343036695893e-08,-4.562343036695893e-08,-4.562343036695893e-08,-4.562343036695893e-08,0.0,0.0,0.0,0.0,0.0,0.0
1717772704,444546989,,DC1,DC2,DC3,DC4,DC5,DC6,-2.0,0.0,0.0,2.0,0.0,0.0,4.334225778279688e-08,4.334225778279688e-08,4.334225778279688e-08,-4.334225778279688e-08,-4.334225778279688e-08,-4.334225778279688e-08,0.0,0.0,0.0,0.0,0.0,0.0
1717772704,494767160,,DC1,DC2,DC3,DC4,DC5,DC6,-2.0,0.0,0.0,2.0,0.0,0.0,4.117514507129272e-08,4.117514507129272e-08,4.117514507129272e-08,-4.117514507129272e-08,-4.117514507129272e-08,-4.117514507129272e-08,0.0,0.0,0.0,0.0,0.0,0.0
1717772704,544831647,,DC1,DC2,DC3,DC4,DC5,DC6,-2.0,0.0,0.0,2.0,0.0,0.0,3.9116386574278295e-08,3.9116386574278295e-08,3.9116386574278295e-08,-3.9116386574278295e-08,-3.9116386574278295e-08,-3.9116386574278295e-08,0.0,0.0,0.0,0.0,0.0,0.0
1717772704,594722133,,DC1,DC2,DC3,DC4,DC5,DC6,-2.0,0.0,0.0,2.0,0.0,0.0,3.7160567956107116e-08,3.7160567956107116e-08,3.7160567956107116e-08,-3.7160567956107116e-08,-3.7160567956107116e-08,-3.7160567956107116e-08,0.0,0.0,0.0,0.0,0.0,0.0
1717772704,644623074,,DC1,DC2,DC3,DC4,DC5,DC6,-2.0,0.0,0.0,2.0,0.0,0.0,3.530253778194492e-08,3.530253778194492e-08,3.530253778194492e-08,-3.530253778194492e-08,-3.530253778194492e-08,-3.530253778194492e-08,0.0,0.0,0.0,0.0,0.0,0.0
1717772704,694767742,,DC1,DC2,DC3,DC4,DC5,DC6,-2.0,0.0,0.0,2.0,0.0,0.0,3.353741107048336e-08,3.353741107048336e-08,3.353741107048336e-08,-3.353741107048336e-08,-3.353741107048336e-08,-3.353741107048336e-08,0.0,0.0,0.0,0.0,0.0,0.0
1717772704,744488515,,DC1,DC2,DC3,DC4,DC5,DC6,-2.0,0.0,0.0,2.0,0.0,0.0,3.186054087223056e-08,3.186054087223056e-08,3.186054087223056e-08,-3.186054087223056e-08,-3.186054087223056e-08,-3.186054087223056e-08,0.0,0.0,0.0,0.0,0.0,0.0
1717772704,794711579,,DC1,DC2,DC3,DC4,DC5,DC6,-2.0,0.0,0.0,2.0,0.0,0.0,3.026751471679745e-08,3.026751471679745e-08,3.026751471679745e-08,-3.026751471679745e-08,-3.026751471679745e-08,-3.026751471679745e-08,0.0,0.0,0.0,0.0,0.0,0.0
1717772704,844533616,,DC1,DC2,DC3,DC4,DC5,DC6,-2.0,0.0,0.0,2.0,0.0,0.0,2.875413862568621e-08,2.875413862568621e-08,2.875413862568621e-08,-2.875413862568621e-08,-2.875413862568621e-08,-2.875413862568621e-08,0.0,0.0,0.0,0.0,0.0,0.0
1717772704,895035327,,DC1,DC2,DC3,DC4,DC5,DC6,-2.0,0.0,0.0,2.0,0.0,0.0,2.731643178321974e-08,2.731643178321974e-08,2.731643178321974e-08,-2.731643178321974e-08,-2.731643178321974e-08,-2.731643178321974e-08,0.0,0.0,0.0,0.0,0.0,0.0
1717772704,944725166,,DC1,DC2,DC3,DC4,DC5,DC6,-2.0,0.0,0.0,2.0,0.0,0.0,2.5950610549330122e-08,2.5950610549330122e-08,2.5950610549330122e-08,-2.5950610549330122e-08,-2.5950610549330122e-08,-2.5950610549330122e-08,0.0,0.0,0.0,0.0,0.0,0.0
1717772704,995042141,,DC1,DC2,DC3,DC4,DC5,DC6,-2.0,0.0,0.0,2.0,0.0,0.0,2.4653079577774406e-08,2.4653079577774406e-08,2.4653079577774406e-08,-2.4653079577774406e-08,-2.4653079577774406e-08,-2.4653079577774406e-08,0.0,0.0,0.0,0.0,0.0,0.0
1717772705,44536416,,DC1,DC2,DC3,DC4,DC5,DC6,-2.0,0.0,0.0,2.0,0.0,0.0,2.3420426487064105e-08,2.3420426487064105e-08,2.3420426487064105e-08,-2.3420426487064105e-08,-2.3420426487064105e-08,-2.3420426487064105e-08,0.0,0.0,0.0,0.0,0.0,0.0
1717772705,95112722,,DC1,DC2,DC3,DC4,DC5,DC6,-2.0,0.0,0.0,2.0,0.0,0.0,2.2249404096896797e-08,2.2249404096896797e-08,2.2249404096896797e-08,-2.2249404096896797e-08,-2.2249404096896797e-08,-2.2249404096896797e-08,0.0,0.0,0.0,0.0,0.0,0.0
1717772705,144597088,,DC1,DC2,DC3,DC4,DC5,DC6,-2.0,0.0,0.0,2.0,0.0,0.0,2.11369339808698e-08,2.11369339808698e-08,2.11369339808698e-08,-2.11369339808698e-08,-2.11369339808698e-08,-2.11369339808698e-08,0.0,0.0,0.0,0.0,0.0,0.0
1717772705,195801470,,DC1,DC2,DC3,DC4,DC5,DC6,-2.0,0.0,0.0,2.0,0.0,0.0,2.008008692655494e-08,2.008008692655494e-08,2.008008692655494e-08,-2.008008692655494e-08,-2.008008692655494e-08,-2.008008692655494e-08,0.0,0.0,0.0,0.0,0.0,0.0
1717772705,244251686,,DC1,DC2,DC3,DC4,DC5,DC6,-2.0,0.0,0.0,2.0,0.0,0.0,1.9076082935498562e-08,1.9076082935498562e-08,1.9076082935498562e-08,-1.9076082935498562e-08,-1.9076082935498562e-08,-1.9076082935498562e-08,0.0,0.0,0.0,0.0,0.0,0.0
1717772705,295182183,,DC1,DC2,DC3,DC4,DC5,DC6,-2.0,0.0,0.0,2.0,0.0,0.0,1.8122278788723634e-08,1.8122278788723634e-08,1.8122278788723634e-08,-1.8122278788723634e-08,-1.8122278788723634e-08,-1.8122278788723634e-08,0.0,0.0,0.0,0.0,0.0,0.0
1717772705,344643875,,DC1,DC2,DC3,DC4,DC5,DC6,-2.0,0.0,0.0,2.0,0.0,0.0,1.7216164494016084e-08,1.7216164494016084e-08,1.7216164494016084e-08,-1.7216164494016084e-08,-1.7216164494016084e-08,-1.7216164494016084e-08,0.0,0.0,0.0,0.0,0.0,0.0
1717772705,394830065,,DC1,DC2,DC3,DC4,DC5,DC6,-2.0,0.0,0.0,2.0,0.0,0.0,1.6355356180497438e-08,1.6355356180497438e-08,1.6355356180497438e-08,-1.6355356180497438e-08,-1.6355356180497438e-08,-1.6355356180497438e-08,0.0,0.0,0.0,0.0,0.0,0.0
1717772705,444597633,,DC1,DC2,DC3,DC4,DC5,DC6,-2.0,0.0,0.0,2.0,0.0,0.0,1.553758899319746e-08,1.553758899319746e-08,1.553758899319746e-08,-1.553758899319746e-08,-1.553758899319746e-08,-1.553758899319746e-08,0.0,0.0,0.0,0.0,0.0,0.0
1717772705,495524509,,DC1,DC2,DC3,DC4,DC5,DC6,-2.0,0.0,0.0,2.0,0.0,0.0,1.4760709987626797e-08,1.4760709987626797e-08,1.4760709987626797e-08,-1.4760709987626797e-08,-1.4760709987626797e-08,-1.4760709987626797e-08,0.0,0.0,0.0,0.0,0.0,0.0
1717772705,544336470,,DC1,DC2,DC3,DC4,DC5,DC6,-2.0,0.0,0.0,2.0,0.0,0.0,1.4022674577063299e-08,1.4022674577063299e-08,1.4022674577063299e-08,-1.4022674577063299e-08,-1.4022674577063299e-08,-1.4022674577063299e-08,0.0,0.0,0.0,0.0,0.0,0.0
1717772705,595595665,,DC1,DC2,DC3,DC4,DC5,DC6,-2.0,0.0,0.0,2.0,0.0,0.0,1.3321540315303082e-08,1.3321540315303082e-08,1.3321540315303082e-08,-1.3321540315303082e-08,-1.3321540315303082e-08,-1.3321540315303082e-08,0.0,0.0,0.0,0.0,0.0,0.0
1717772705,644300298,,DC1,DC2,DC3,DC4,DC5,DC6,-2.0,0.0,0.0,2.0,0.0,0.0,1.2655463343946849e-08,1.2655463343946849e-08,1.2655463343946849e-08,-1.2655463343946849e-08,-1.2655463343946849e-08,-1.2655463343946849e-08,0.0,0.0,0.0,0.0,0.0,0.0
1717772705,695035510,,DC1,DC2,DC3,DC4,DC5,DC6,-2.0,0.0,0.0,2.0,0.0,0.0,1.2022690398794111e-08,1.2022690398794111e-08,1.2022690398794111e-08,-1.2022690398794111e-08,-1.2022690398794111e-08,-1.2022690398794111e-08,0.0,0.0,0.0,0.0,0.0,0.0
1717772705,744777357,,DC1,DC2,DC3,DC4,DC5,DC6,-2.0,0.0,0.0,2.0,0.0,0.0,1.1421556145307932e-08,1.1421556145307932e-08,1.1421556145307932e-08,-1.1421556145307932e-08,-1.1421556145307932e-08,-1.1421556145307932e-08,0.0,0.0,0.0,0.0,0.0,0.0
1717772705,794767486,,DC1,DC2,DC3,DC4,DC5,DC6,-2.0,0.0,0.0,2.0,0.0,0.0,1.0850477849544404e-08,1.0850477849544404e-08,1.0850477849544404e-08,-1.0850477849544404e-08,-1.0850477849544404e-08,-1.0850477849544404e-08,0.0,0.0,0.0,0.0,0.0,0.0
1717772705,844703451,,DC1,DC2,DC3,DC4,DC5,DC6,-2.0,0.0,0.0,2.0,0.0,0.0,1.0307954489974236e-08,1.0307954489974236e-08,1.0307954489974236e-08,-1.0307954489974236e-08,-1.0307954489974236e-08,-1.0307954489974236e-08,0.0,0.0,0.0,0.0,0.0,0.0
1717772705,894752228,,DC1,DC2,DC3,DC4,DC5,DC6,-2.0,0.0,0.0,2.0,0.0,0.0,9.79255609934171e-09,9.79255609934171e-09,9.79255609934171e-09,-9.79255609934171e-09,-9.79255609934171e-09,-9.79255609934171e-09,0.0,0.0,0.0,0.0,0.0,0.0
1717772705,945054599,,DC1,DC2,DC3,DC4,DC5,DC6,-2.0,0.0,0.0,2.0,0.0,0.0,9.302928205556782e-09,9.302928205556782e-09,9.302928205556782e-09,-9.302928205556782e-09,-9.302928205556782e-09,-9.302928205556782e-09,0.0,0.0,0.0,0.0,0.0,0.0
1717772705,994794744,,DC1,DC2,DC3,DC4,DC5,DC6,-2.0,0.0,0.0,2.0,0.0,0.0,8.837782061732469e-09,8.837782061732469e-09,8.837782061732469e-09,-8.837782061732469e-09,-8.837782061732469e-09,-8.837782061732469e-09,0.0,0.0,0.0,0.0,0.0,0.0
1717772706,44806525,,DC1,DC2,DC3,DC4,DC5,DC6,-2.0,0.0,0.0,2.0,0.0,0.0,8.395892869828003e-09,8.395892869828003e-09,8.395892869828003e-09,-8.395892869828003e-09,-8.395892869828003e-09,-8.395892869828003e-09,0.0,0.0,0.0,0.0,0.0,0.0
1717772706,94634881,,DC1,DC2,DC3,DC4,DC5,DC6,-2.0,0.0,0.0,2.0,0.0,0.0,7.976098004291998e-09,7.976098004291998e-09,7.976098004291998e-09,-7.976098004291998e-09,-7.976098004291998e-09,-7.976098004291998e-09,0.0,0.0,0.0,0.0,0.0,0.0
1717772706,144578028,,DC1,DC2,DC3,DC4,DC5,DC6,-2.0,0.0,0.0,2.0,0.0,0.0,7.577293459348766e-09,7.577293459348766e-09,7.577293459348766e-09,-7.577293459348766e-09,-7.577293459348766e-09,-7.577293459348766e-09,0.0,0.0,0.0,0.0,0.0,0.0
1717772706,194444007,,DC1,DC2,DC3,DC4,DC5,DC6,-2.0,0.0,0.0,2.0,0.0,0.0,7.198428964017012e-09,7.198428964017012e-09,7.198428964017012e-09,-7.198428964017012e-09,-7.198428964017012e-09,-7.198428964017012e-09,0.0,0.0,0.0,0.0,0.0,0.0
1717772706,244881666,,DC1,DC2,DC3,DC4,DC5,DC6,-2.0,0.0,0.0,2.0,0.0,0.0,6.838507538020622e-09,6.838507538020622e-09,6.838507538020622e-09,-6.838507538020622e-09,-6.838507538020622e-09,-6.838507538020622e-09,0.0,0.0,0.0,0.0,0.0,0.0
1717772706,295190428,,DC1,DC2,DC3,DC4,DC5,DC6,-2.0,0.0,0.0,2.0,0.0,0.0,6.496581939074986e-09,6.496581939074986e-09,6.496581939074986e-09,-6.496581939074986e-09,-6.496581939074986e-09,-6.496581939074986e-09,0.0,0.0,0.0,0.0,0.0,0.0
1717772706,344515562,,DC1,DC2,DC3,DC4,DC5,DC6,-2.0,0.0,0.0,2.0,0.0,0.0,6.171752886530157e-09,6.171752886530157e-09,6.171752886530157e-09,-6.171752886530157e-09,-6.171752886530157e-09,-6.171752886530157e-09,0.0,0.0,0.0,0.0,0.0,0.0
1717772706,395221930,,DC1,DC2,DC3,DC4,DC5,DC6,-2.0,0.0,0.0,2.0,0.0,0.0,5.863165064567966e-09,5.863165064567966e-09,5.863165064567966e-09,-5.863165064567966e-09,-5.863165064567966e-09,-5.863165064567966e-09,0.0,0.0,0.0,0.0,0.0,0.0
1717772706,444272336,,DC1,DC2,DC3,DC4,DC5,DC6,-2.0,0.0,0.0,2.0,0.0,0.0,5.570007122202014e-09,5.570007122202014e-09,5.570007122202014e-09,-5.570007122202014e-09,-5.570007122202014e-09,-5.570007122202014e-09,0.0,0.0,0.0,0.0,0.0,0.0
1717772706,494566214,,DC1,DC2,DC3,DC4,DC5,DC6,-2.0,0.0,0.0,2.0,0.0,0.0,5.291506788296374e-09,5.291506788296374e-09,5.291506788296374e-09,-5.291506788296374e-09,-5.291506788296374e-09,-5.291506788296374e-09,0.0,0.0,0.0,0.0,0.0,0.0
1717772706,545111579,,DC1,DC2,DC3,DC4,DC5,DC6,-2.0,0.0,0.0,2.0,0.0,0.0,5.026931315654792e-09,5.026931315654792e-09,5.026931315654792e-09,-5.026931315654792e-09,-5.026931315654792e-09,-5.026931315654792e-09,0.0,0.0,0.0,0.0,0.0,0.0
1717772706,594772422,,DC1,DC2,DC3,DC4,DC5,DC6,-2.0,0.0,0.0,2.0,0.0,0.0,4.775584816485434e-09,4.775584816485434e-09,4.775584816485434e-09,-4.775584816485434e-09,-4.775584816485434e-09,-4.775584816485434e-09,0.0,0.0,0.0,0.0,0.0,0.0
1717772706,645284172,,DC1,DC2,DC3,DC4,DC5,DC6,-2.0,0.0,0.0,2.0,0.0,0.0,4.536805597865623e-09,4.536805597865623e-09,4.536805597865623e-09,-4.536805597865623e-09,-4.536805597865623e-09,-4.536805597865623e-09,0.0,0.0,0.0,0.0,0.0,0.0
1717772706,694869346,,DC1,DC2,DC3,DC4,DC5,DC6,-2.0,0.0,0.0,2.0,0.0,0.0,4.309965273563421e-09,4.309965273563421e-09,4.309965273563421e-09,-4.309965273563421e-09,-4.309965273563421e-09,-4.309965273563421e-09,0.0,0.0,0.0,0.0,0.0,0.0
1717772706,744489363,,DC1,DC2,DC3,DC4,DC5,DC6,-2.0,0.0,0.0,2.0,0.0,0.0,4.094466987680789e-09,4.094466987680789e-09,4.094466987680789e-09,-4.094466987680789e-09,-4.094466987680789e-09,-4.094466987680789e-09,0.0,0.0,0.0,0.0,0.0,0.0
1717772706,794641980,,DC1,DC2,DC3,DC4,DC5,DC6,-2.0,0.0,0.0,2.0,0.0,0.0,3.88974363829675e-09,3.88974363829675e-09,3.88974363829675e-09,-3.88974363829675e-09,-3.88974363829675e-09,-3.88974363829675e-09,0.0,0.0,0.0,0.0,0.0,0.0
1717772706,844648200,,DC1,DC2,DC3,DC4,DC5,DC6,-2.0,0.0,0.0,2.0,0.0,0.0,3.6952563231551494e-09,3.6952563231551494e-09,3.6952563231551494e-09,-3.6952563231551494e-09,-3.6952563231551494e-09,-3.6952563231551494e-09,0.0,0.0,0.0,0.0,0.0,0.0
1717772706,894985210,,DC1,DC2,DC3,DC4,DC5,DC6,-2.0,0.0,0.0,2.0,0.0,0.0,3.5104936735308456e-09,3.5104936735308456e-09,3.5104936735308456e-09,-3.5104936735308456e-09,-3.5104936735308456e-09,-3.5104936735308456e-09,0.0,0.0,0.0,0.0,0.0,0.0
1717772706,944886048,,DC1,DC2,DC3,DC4,DC5,DC6,-2.0,0.0,0.0,2.0,0.0,0.0,0.03980892151594162,0.03980892151594162,0.03980892151594162,-0.03980892151594162,-0.03980892151594162,-0.03980892151594162,0.0,0.0,0.0,0.0,0.0,0.0
1717772706,994611664,,DC1,DC2,DC3,DC4,DC5,DC6,-2.0,0.0,0.0,2.0,0.0,0.0,0.07762739062309265,0.07762739062309265,0.07762739062309265,-0.07762739062309265,-0.07762739062309265,-0.07762739062309265,0.0,0.0,0.0,0.0,0.0,0.0
1717772707,44685756,,DC1,DC2,DC3,DC4,DC5,DC6,-2.0,0.0,0.0,2.0,0.0,0.0,0.1135549396276474,0.1135549396276474,0.1135549396276474,-0.1135549396276474,-0.1135549396276474,-0.1135549396276474,0.0,0.0,0.0,0.0,0.0,0.0
1717772707,95971955,,DC1,DC2,DC3,DC4,DC5,DC6,-2.0,0.0,0.0,2.0,0.0,0.0,0.14768610894680023,0.14768610894680023,0.14768610894680023,-0.14768610894680023,-0.14768610894680023,-0.14768610894680023,0.0,0.0,0.0,0.0,0.0,0.0
1717772707,144536018,,DC1,DC2,DC3,DC4,DC5,DC6,-2.0,0.0,0.0,2.0,0.0,0.0,0.18011072278022766,0.18011072278022766,0.18011072278022766,-0.18011072278022766,-0.18011072278022766,-0.18011072278022766,0.0,0.0,0.0,0.0,0.0,0.0
1717772707,194459964,,DC1,DC2,DC3,DC4,DC5,DC6,-2.0,0.0,0.0,2.0,0.0,0.0,0.21091410517692566,0.21091410517692566,0.21091410517692566,-0.21091410517692566,-0.21091410517692566,-0.21091410517692566,0.0,0.0,0.0,0.0,0.0,0.0
1717772707,244529323,,DC1,DC2,DC3,DC4,DC5,DC6,-2.0,0.0,0.0,2.0,0.0,0.0,0.24017731845378876,0.24017731845378876,0.24017731845378876,-0.24017731845378876,-0.24017731845378876,-0.24017731845378876,0.0,0.0,0.0,0.0,0.0,0.0
1717772707,294944774,,DC1,DC2,DC3,DC4,DC5,DC6,-2.0,0.0,0.0,2.0,0.0,0.0,0.26797735691070557,0.26797735691070557,0.26797735691070557,-0.26797735691070557,-0.26797735691070557,-0.26797735691070557,0.0,0.0,0.0,0.0,0.0,0.0
1717772707,344977710,,DC1,DC2,DC3,DC4,DC5,DC6,-2.0,0.0,0.0,2.0,0.0,0.0,0.2943874001502991,0.2943874001502991,0.2943874001502991,-0.2943874001502991,-0.2943874001502991,-0.2943874001502991,0.0,0.0,0.0,0.0,0.0,0.0
1717772707,395047606,,DC1,DC2,DC3,DC4,DC5,DC6,-2.0,0.0,0.0,2.0,0.0,0.0,0.3194769620895386,0.3194769620895386,0.3194769620895386,-0.3194769620895386,-0.3194769620895386,-0.3194769620895386,0.0,0.0,0.0,0.0,0.0,0.0
1717772707,444393460,,DC1,DC2,DC3,DC4,DC5,DC6,-2.0,0.0,0.0,2.0,0.0,0.0,0.34331202507019043,0.34331202507019043,0.34331202507019043,-0.34331202507019043,-0.34331202507019043,-0.34331202507019043,0.0,0.0,0.0,0.0,0.0,0.0
1717772707,495479338,,DC1,DC2,DC3,DC4,DC5,DC6,-2.0,0.0,0.0,2.0,0.0,0.0,0.3659553527832031,0.3659553527832031,0.3659553527832031,-0.3659553527832031,-0.3659553527832031,-0.3659553527832031,0.0,0.0,0.0,0.0,0.0,0.0
1717772707,544955427,,DC1,DC2,DC3,DC4,DC5,DC6,-2.0,0.0,0.0,2.0,0.0,0.0,0.3874664902687073,0.3874664902687073,0.3874664902687073,-0.3874664902687073,-0.3874664902687073,-0.3874664902687073,0.0,0.0,0.0,0.0,0.0,0.0
1717772707,594566606,,DC1,DC2,DC3,DC4,DC5,DC6,-2.0,0.0,0.0,2.0,0.0,0.0,0.4079020917415619,0.4079020917415619,0.4079020917415619,-0.4079020917415619,-0.4079020917415619,-0.4079020917415619,0.0,0.0,0.0,0.0,0.0,0.0
1717772707,644518352,,DC1,DC2,DC3,DC4,DC5,DC6,-2.0,0.0,0.0,2.0,0.0,0.0,0.427315890789032,0.427315890789032,0.427315890789032,-0.427315890789032,-0.427315890789032,-0.427315890789032,0.0,0.0,0.0,0.0,0.0,0.0
1717772707,694642831,,DC1,DC2,DC3,DC4,DC5,DC6,-2.0,0.0,0.0,2.0,0.0,0.0,0.44575902819633484,0.44575902819633484,0.44575902819633484,-0.44575902819633484,-0.44575902819633484,-0.44575902819633484,0.0,0.0,0.0,0.0,0.0,0.0
1717772707,745505005,,DC1,DC2,DC3,DC4,DC5,DC6,-2.0,0.0,0.0,2.0,0.0,0.0,0.46327999234199524,0.46327999234199524,0.46327999234199524,-0.46327999234199524,-0.46327999234199524,-0.46327999234199524,0.0,0.0,0.0,0.0,0.0,0.0
1717772707,794582787,,DC1,DC2,DC3,DC4,DC5,DC6,-2.0,0.0,0.0,2.0,0.0,0.0,0.47992491722106934,0.47992491722106934,0.47992491722106934,-0.47992491722106934,-0.47992491722106934,-0.47992491722106934,0.0,0.0,0.0,0.0,0.0,0.0
1717772707,844256801,,DC1,DC2,DC3,DC4,DC5,DC6,-2.0,0.0,0.0,2.0,0.0,0.0,0.49573758244514465,0.49573758244514465,0.49573758244514465,-0.49573758244514465,-0.49573758244514465,-0.49573758244514465,0.0,0.0,0.0,0.0,0.0,0.0
1717772707,895078688,,DC1,DC2,DC3,DC4,DC5,DC6,-2.0,0.0,0.0,2.0,0.0,0.0,0.5107595920562744,0.5107595920562744,0.5107595920562744,-0.5107595920562744,-0.5107595920562744,-0.5107595920562744,0.0,0.0,0.0,0.0,0.0,0.0
1717772707,944692082,,DC1,DC2,DC3,DC4,DC5,DC6,-2.0,0.0,0.0,2.0,0.0,0.0,0.5250305533409119,0.5250305533409119,0.5250305533409119,-0.5250305533409119,-0.5250305533409119,-0.5250305533409119,0.0,0.0,0.0,0.0,0.0,0.0
1717772707,994879631,,DC1,DC2,DC3,DC4,DC5,DC6,-2.0,0.0,0.0,2.0,0.0,0.0,0.5385879278182983,0.5385879278182983,0.5385879278182983,-0.5385879278182983,-0.5385879278182983,-0.5385879278182983,0.0,0.0,0.0,0.0,0.0,0.0
1717772708,44444520,,DC1,DC2,DC3,DC4,DC5,DC6,-2.0,0.0,0.0,2.0,0.0,0.0,0.5514674782752991,0.5514674782752991,0.5514674782752991,-0.5514674782752991,-0.5514674782752991,-0.5514674782752991,0.0,0.0,0.0,0.0,0.0,0.0
1717772708,94485010,,DC1,DC2,DC3,DC4,DC5,DC6,-2.0,0.0,0.0,2.0,0.0,0.0,0.5637030005455017,0.5637030005455017,0.5637030005455017,-0.5637030005455017,-0.5637030005455017,-0.5637030005455017,0.0,0.0,0.0,0.0,0.0,0.0
1717772708,144420133,,DC1,DC2,DC3,DC4,DC5,DC6,-2.0,0.0,0.0,2.0,0.0,0.0,0.5753268003463745,0.5753268003463745,0.5753268003463745,-0.5753268003463745,-0.5753268003463745,-0.5753268003463745,0.0,0.0,0.0,0.0,0.0,0.0
1717772708,194650009,,DC1,DC2,DC3,DC4,DC5,DC6,-2.0,0.0,0.0,2.0,0.0,0.0,0.5863693356513977,0.5863693356513977,0.5863693356513977,-0.5863693356513977,-0.5863693356513977,-0.5863693356513977,0.0,0.0,0.0,0.0,0.0,0.0
1717772708,244572434,,DC1,DC2,DC3,DC4,DC5,DC6,-2.0,0.0,0.0,2.0,0.0,0.0,0.5968598127365112,0.5968598127365112,0.5968598127365112,-0.5968598127365112,-0.5968598127365112,-0.5968598127365112,0.0,0.0,0.0,0.0,0.0,0.0
1717772708,294576184,,DC1,DC2,DC3,DC4,DC5,DC6,-2.0,0.0,0.0,2.0,0.0,0.0,0.6068257093429565,0.6068257093429565,0.6068257093429565,-0.6068257093429565,-0.6068257093429565,-0.6068257093429565,0.0,0.0,0.0,0.0,0.0,0.0
1717772708,344556400,,DC1,DC2,DC3,DC4,DC5,DC6,-2.0,0.0,0.0,2.0,0.0,0.0,0.6162933707237244,0.6162933707237244,0.6162933707237244,-0.6162933707237244,-0.6162933707237244,-0.6162933707237244,0.0,0.0,0.0,0.0,0.0,0.0
1717772708,394668119,,DC1,DC2,DC3,DC4,DC5,DC6,-2.0,0.0,0.0,2.0,0.0,0.0,0.6252875924110413,0.6252875924110413,0.6252875924110413,-0.6252875924110413,-0.6252875924110413,-0.6252875924110413,0.0,0.0,0.0,0.0,0.0,0.0
1717772708,444735473,,DC1,DC2,DC3,DC4,DC5,DC6,-2.0,0.0,0.0,2.0,0.0,0.0,0.6338321566581726,0.6338321566581726,0.6338321566581726,-0.6338321566581726,-0.6338321566581726,-0.6338321566581726,0.0,0.0,0.0,0.0,0.0,0.0
1717772708,494582619,,DC1,DC2,DC3,DC4,DC5,DC6,-2.0,0.0,0.0,2.0,0.0,0.0,0.641949474811554,0.641949474811554,0.641949474811554,-0.641949474811554,-0.641949474811554,-0.641949474811554,0.0,0.0,0.0,0.0,0.0,0.0
1717772708,544576350,,DC1,DC2,DC3,DC4,DC5,DC6,-2.0,0.0,0.0,2.0,0.0,0.0,0.6496608853340149,0.6496608853340149,0.6496608853340149,-0.6496608853340149,-0.6496608853340149,-0.6496608853340149,0.0,0.0,0.0,0.0,0.0,0.0
1717772708,594907177,,DC1,DC2,DC3,DC4,DC5,DC6,-2.0,0.0,0.0,2.0,0.0,0.0,0.6569867730140686,0.6569867730140686,0.6569867730140686,-0.6569867730140686,-0.6569867730140686,-0.6569867730140686,0.0,0.0,0.0,0.0,0.0,0.0
1717772708,644438689,,DC1,DC2,DC3,DC4,DC5,DC6,-2.0,0.0,0.0,2.0,0.0,0.0,0.6639463305473328,0.6639463305473328,0.6639463305473328,-0.6639463305473328,-0.6639463305473328,-0.6639463305473328,0.0,0.0,0.0,0.0,0.0,0.0
1717772708,694451709,,DC1,DC2,DC3,DC4,DC5,DC6,-2.0,0.0,0.0,2.0,0.0,0.0,0.670557975769043,0.670557975769043,0.670557975769043,-0.670557975769043,-0.670557975769043,-0.670557975769043,0.0,0.0,0.0,0.0,0.0,0.0
1717772708,744810851,,DC1,DC2,DC3,DC4,DC5,DC6,-2.0,0.0,0.0,2.0,0.0,0.0,0.6768389940261841,0.6768389940261841,0.6768389940261841,-0.6768389940261841,-0.6768389940261841,-0.6768389940261841,0.0,0.0,0.0,0.0,0.0,0.0
1717772708,794665377,,DC1,DC2,DC3,DC4,DC5,DC6,-2.0,0.0,0.0,2.0,0.0,0.0,0.6828059554100037,0.6828059554100037,0.6828059554100037,-0.6828059554100037,-0.6828059554100037,-0.6828059554100037,0.0,0.0,0.0,0.0,0.0,0.0
1717772708,845039330,,DC1,DC2,DC3,DC4,DC5,DC6,-2.0,0.0,0.0,2.0,0.0,0.0,0.6884745359420776,0.6884745359420776,0.6884745359420776,-0.6884745359420776,-0.6884745359420776,-0.6884745359420776,0.0,0.0,0.0,0.0,0.0,0.0
1717772708,894637699,,DC1,DC2,DC3,DC4,DC5,DC6,-2.0,0.0,0.0,2.0,0.0,0.0,0.6938597559928894,0.6938597559928894,0.6938597559928894,-0.6938597559928894,-0.6938597559928894,-0.6938597559928894,0.0,0.0,0.0,0.0,0.0,0.0
1717772708,944806834,,DC1,DC2,DC3,DC4,DC5,DC6,-2.0,0.0,0.0,2.0,0.0,0.0,0.698975682258606,0.698975682258606,0.698975682258606,-0.698975682258606,-0.698975682258606,-0.698975682258606,0.0,0.0,0.0,0.0,0.0,0.0
1717772708,994546373,,DC1,DC2,DC3,DC4,DC5,DC6,-2.0,0.0,0.0,2.0,0.0,0.0,0.7038357853889465,0.7038357853889465,0.7038357853889465,-0.7038357853889465,-0.7038357853889465,-0.7038357853889465,0.0,0.0,0.0,0.0,0.0,0.0
1717772709,44560586,,DC1,DC2,DC3,DC4,DC5,DC6,-2.0,0.0,0.0,2.0,0.0,0.0,0.7084529399871826,0.7084529399871826,0.7084529399871826,-0.7084529399871826,-0.7084529399871826,-0.7084529399871826,0.0,0.0,0.0,0.0,0.0,0.0
1717772709,94507039,,DC1,DC2,DC3,DC4,DC5,DC6,-2.0,0.0,0.0,2.0,0.0,0.0,0.7128391861915588,0.7128391861915588,0.7128391861915588,-0.7128391861915588,-0.7128391861915588,-0.7128391861915588,0.0,0.0,0.0,0.0,0.0,0.0
1717772709,144521251,,DC1,DC2,DC3,DC4,DC5,DC6,-2.0,0.0,0.0,2.0,0.0,0.0,0.7170061469078064,0.7170061469078064,0.7170061469078064,-0.7170061469078064,-0.7170061469078064,-0.7170061469078064,0.0,0.0,0.0,0.0,0.0,0.0
1717772709,194509808,,DC1,DC2,DC3,DC4,DC5,DC6,-2.0,0.0,0.0,2.0,0.0,0.0,0.720964789390564,0.720964789390564,0.720964789390564,-0.720964789390564,-0.720964789390564,-0.720964789390564,0.0,0.0,0.0,0.0,0.0,0.0
1717772709,244678180,,DC1,DC2,DC3,DC4,DC5,DC6,-2.0,0.0,0.0,2.0,0.0,0.0,0.7247254252433777,0.7247254252433777,0.7247254252433777,-0.7247254252433777,-0.7247254252433777,-0.7247254252433777,0.0,0.0,0.0,0.0,0.0,0.0
1717772709,294476026,,DC1,DC2,DC3,DC4,DC5,DC6,-2.0,0.0,0.0,2.0,0.0,0.0,0.7282980680465698,0.7282980680465698,0.7282980680465698,-0.7282980680465698,-0.7282980680465698,-0.7282980680465698,0.0,0.0,0.0,0.0,0.0,0.0
1717772709,344877028,,DC1,DC2,DC3,DC4,DC5,DC6,-2.0,0.0,0.0,2.0,0.0,0.0,0.7316921353340149,0.7316921353340149,0.7316921353340149,-0.7316921353340149,-0.7316921353340149,-0.7316921353340149,0.0,0.0,0.0,0.0,0.0,0.0
1717772709,394647680,,DC1,DC2,DC3,DC4,DC5,DC6,-2.0,0.0,0.0,2.0,0.0,0.0,0.7349164485931396,0.7349164485931396,0.7349164485931396,-0.7349164485931396,-0.7349164485931396,-0.7349164485931396,0.0,0.0,0.0,0.0,0.0,0.0
1717772709,445050442,,DC1,DC2,DC3,DC4,DC5,DC6,-2.0,0.0,0.0,2.0,0.0,0.0,0.737979531288147,0.737979531288147,0.737979531288147,-0.737979531288147,-0.737979531288147,-0.737979531288147,0.0,0.0,0.0,0.0,0.0,0.0
1717772709,495249200,,DC1,DC2,DC3,DC4,DC5,DC6,-2.0,0.0,0.0,2.0,0.0,0.0,0.7408894300460815,0.7408894300460815,0.7408894300460815,-0.7408894300460815,-0.7408894300460815,-0.7408894300460815,0.0,0.0,0.0,0.0,0.0,0.0
1717772709,544926938,,DC1,DC2,DC3,DC4,DC5,DC6,-2.0,0.0,0.0,2.0,0.0,0.0,0.7436538934707642,0.7436538934707642,0.7436538934707642,-0.7436538934707642,-0.7436538934707642,-0.7436538934707642,0.0,0.0,0.0,0.0,0.0,0.0
1717772709,594793565,,DC1,DC2,DC3,DC4,DC5,DC6,-2.0,0.0,0.0,2.0,0.0,0.0,0.7462801337242126,0.7462801337242126,0.7462801337242126,-0.7462801337242126,-0.7462801337242126,-0.7462801337242126,0.0,0.0,0.0,0.0,0.0,0.0
1717772709,645136866,,DC1,DC2,DC3,DC4,DC5,DC6,-2.0,0.0,0.0,2.0,0.0,0.0,0.748775064945221,0.748775064945221,0.748775064945221,-0.748775064945221,-0.748775064945221,-0.748775064945221,0.0,0.0,0.0,0.0,0.0,0.0
1717772709,694632430,,DC1,DC2,DC3,DC4,DC5,DC6,-2.0,0.0,0.0,2.0,0.0,0.0,0.7511451840400696,0.7511451840400696,0.7511451840400696,-0.7511451840400696,-0.7511451840400696,-0.7511451840400696,0.0,0.0,0.0,0.0,0.0,0.0
1717772709,744701548,,DC1,DC2,DC3,DC4,DC5,DC6,-2.0,0.0,0.0,2.0,0.0,0.0,0.7533968687057495,0.7533968687057495,0.7533968687057495,-0.7533968687057495,-0.7533968687057495,-0.7533968687057495,0.0,0.0,0.0,0.0,0.0,0.0
1717772709,794683487,,DC1,DC2,DC3,DC4,DC5,DC6,-2.0,0.0,0.0,2.0,0.0,0.0,0.7555359601974487,0.7555359601974487,0.7555359601974487,-0.7555359601974487,-0.7555359601974487,-0.7555359601974487,0.0,0.0,0.0,0.0,0.0,0.0
1717772709,844707138,,DC1,DC2,DC3,DC4,DC5,DC6,-2.0,0.0,0.0,2.0,0.0,0.0,0.7575680613517761,0.7575680613517761,0.7575680613517761,-0.7575680613517761,-0.7575680613517761,-0.7575680613517761,0.0,0.0,0.0,0.0,0.0,0.0
1717772709,894843747,,DC1,DC2,DC3,DC4,DC5,DC6,-2.0,0.0,0.0,2.0,0.0,0.0,0.7594985961914062,0.7594985961914062,0.7594985961914062,-0.7594985961914062,-0.7594985961914062,-0.7594985961914062,0.0,0.0,0.0,0.0,0.0,0.0
1717772709,945232402,,DC1,DC2,DC3,DC4,DC5,DC6,-2.0,0.0,0.0,2.0,0.0,0.0,0.7613325715065002,0.7613325715065002,0.7613325715065002,-0.7613325715065002,-0.7613325715065002,-0.7613325715065002,0.0,0.0,0.0,0.0,0.0,0.0
1717772709,995015693,,DC1,DC2,DC3,DC4,DC5,DC6,-2.0,0.0,0.0,2.0,0.0,0.0,0.7630748748779297,0.7630748748779297,0.7630748748779297,-0.7630748748779297,-0.7630748748779297,-0.7630748748779297,0.0,0.0,0.0,0.0,0.0,0.0
1717772710,44579704,,DC1,DC2,DC3,DC4,DC5,DC6,-2.0,0.0,0.0,2.0,0.0,0.0,0.7647300362586975,0.7647300362586975,0.7647300362586975,-0.7647300362586975,-0.7647300362586975,-0.7647300362586975,0.0,0.0,0.0,0.0,0.0,0.0
1717772710,94637805,,DC1,DC2,DC3,DC4,DC5,DC6,-2.0,0.0,0.0,2.0,0.0,0.0,0.7663024663925171,0.7663024663925171,0.7663024663925171,-0.7663024663925171,-0.7663024663925171,-0.7663024663925171,0.0,0.0,0.0,0.0,0.0,0.0
1717772710,144924659,,DC1,DC2,DC3,DC4,DC5,DC6,-2.0,0.0,0.0,2.0,0.0,0.0,0.7677962183952332,0.7677962183952332,0.7677962183952332,-0.7677962183952332,-0.7677962183952332,-0.7677962183952332,0.0,0.0,0.0,0.0,0.0,0.0
1717772710,195146921,,DC1,DC2,DC3,DC4,DC5,DC6,-2.0,0.0,0.0,2.0,0.0,0.0,0.7692153453826904,0.7692153453826904,0.7692153453826904,-0.7692153453826904,-0.7692153453826904,-0.7692153453826904,0.0,0.0,0.0,0.0,0.0,0.0
1717772710,244837725,,DC1,DC2,DC3,DC4,DC5,DC6,-2.0,0.0,0.0,2.0,0.0,0.0,0.7705634832382202,0.7705634832382202,0.7705634832382202,-0.7705634832382202,-0.7705634832382202,-0.7705634832382202,0.0,0.0,0.0,0.0,0.0,0.0
1717772710,295106958,,DC1,DC2,DC3,DC4,DC5,DC6,-2.0,0.0,0.0,2.0,0.0,0.0,0.771844208240509,0.771844208240509,0.771844208240509,-0.771844208240509,-0.771844208240509,-0.771844208240509,0.0,0.0,0.0,0.0,0.0,0.0
1717772710,344565968,,DC1,DC2,DC3,DC4,DC5,DC6,-2.0,0.0,0.0,2.0,0.0,0.0,0.7730609178543091,0.7730609178543091,0.7730609178543091,-0.7730609178543091,-0.7730609178543091,-0.7730609178543091,0.0,0.0,0.0,0.0,0.0,0.0
1717772710,394746419,,DC1,DC2,DC3,DC4,DC5,DC6,-2.0,0.0,0.0,2.0,0.0,0.0,0.7742168307304382,0.7742168307304382,0.7742168307304382,-0.7742168307304382,-0.7742168307304382,-0.7742168307304382,0.0,0.0,0.0,0.0,0.0,0.0
1717772710,444642287,,DC1,DC2,DC3,DC4,DC5,DC6,-2.0,0.0,0.0,2.0,0.0,0.0,0.7753148674964905,0.7753148674964905,0.7753148674964905,-0.7753148674964905,-0.7753148674964905,-0.7753148674964905,0.0,0.0,0.0,0.0,0.0,0.0
1717772710,494666097,,DC1,DC2,DC3,DC4,DC5,DC6,-2.0,0.0,0.0,2.0,0.0,0.0,0.7763580679893494,0.7763580679893494,0.7763580679893494,-0.7763580679893494,-0.7763580679893494,-0.7763580679893494,0.0,0.0,0.0,0.0,0.0,0.0
1717772710,544697729,,DC1,DC2,DC3,DC4,DC5,DC6,-2.0,0.0,0.0,2.0,0.0,0.0,0.777349054813385,0.777349054813385,0.777349054813385,-0.777349054813385,-0.777349054813385,-0.777349054813385,0.0,0.0,0.0,0.0,0.0,0.0
1717772710,594688054,,DC1,DC2,DC3,DC4,DC5,DC6,-2.0,0.0,0.0,2.0,0.0,0.0,0.7782905101776123,0.7782905101776123,0.7782905101776123,-0.7782905101776123,-0.7782905101776123,-0.7782905101776123,0.0,0.0,0.0,0.0,0.0,0.0
1717772710,644446703,,DC1,DC2,DC3,DC4,DC5,DC6,-2.0,0.0,0.0,2.0,0.0,0.0,0.7791849374771118,0.7791849374771118,0.7791849374771118,-0.7791849374771118,-0.7791849374771118,-0.7791849374771118,0.0,0.0,0.0,0.0,0.0,0.0
1717772710,694705736,,DC1,DC2,DC3,DC4,DC5,DC6,-2.0,0.0,0.0,2.0,0.0,0.0,0.780034601688385,0.780034601688385,0.780034601688385,-0.780034601688385,-0.780034601688385,-0.780034601688385,0.0,0.0,0.0,0.0,0.0,0.0
1717772710,745028563,,DC1,DC2,DC3,DC4,DC5,DC6,-2.0,0.0,0.0,2.0,0.0,0.0,0.7808417677879333,0.7808417677879333,0.7808417677879333,-0.7808417677879333,-0.7808417677879333,-0.7808417677879333,0.0,0.0,0.0,0.0,0.0,0.0
1717772710,794704490,,DC1,DC2,DC3,DC4,DC5,DC6,-2.0,0.0,0.0,2.0,0.0,0.0,0.7816086411476135,0.7816086411476135,0.7816086411476135,-0.7816086411476135,-0.7816086411476135,-0.7816086411476135,0.0,0.0,0.0,0.0,0.0,0.0
1717772710,844831006,,DC1,DC2,DC3,DC4,DC5,DC6,-2.0,0.0,0.0,2.0,0.0,0.0,0.7823370695114136,0.7823370695114136,0.7823370695114136,-0.7823370695114136,-0.7823370695114136,-0.7823370695114136,0.0,0.0,0.0,0.0,0.0,0.0
1717772710,895336736,,DC1,DC2,DC3,DC4,DC5,DC6,-2.0,0.0,0.0,2.0,0.0,0.0,0.7830291390419006,0.7830291390419006,0.7830291390419006,-0.7830291390419006,-0.7830291390419006,-0.7830291390419006,0.0,0.0,0.0,0.0,0.0,0.0
1717772710,944408585,,DC1,DC2,DC3,DC4,DC5,DC6,-2.0,0.0,0.0,2.0,0.0,0.0,0.783686637878418,0.783686637878418,0.783686637878418,-0.783686637878418,-0.783686637878418,-0.783686637878418,0.0,0.0,0.0,0.0,0.0,0.0
1717772710,994462814,,DC1,DC2,DC3,DC4,DC5,DC6,-2.0,0.0,0.0,2.0,0.0,0.0,0.7843112349510193,0.7843112349510193,0.7843112349510193,-0.7843112349510193,-0.7843112349510193,-0.7843112349510193,0.0,0.0,0.0,0.0,0.0,0.0
1717772711,44695854,,DC1,DC2,DC3,DC4,DC5,DC6,-2.0,0.0,0.0,2.0,0.0,0.0,0.7849045395851135,0.7849045395851135,0.7849045395851135,-0.7849045395851135,-0.7849045395851135,-0.7849045395851135,0.0,0.0,0.0,0.0,0.0,0.0
1717772711,95039986,,DC1,DC2,DC3,DC4,DC5,DC6,-2.0,0.0,0.0,2.0,0.0,0.0,0.7854682803153992,0.7854682803153992,0.7854682803153992,-0.7854682803153992,-0.7854682803153992,-0.7854682803153992,0.0,0.0,0.0,0.0,0.0,0.0
1717772711,144761390,,DC1,DC2,DC3,DC4,DC5,DC6,-2.0,0.0,0.0,2.0,0.0,0.0,0.7860037684440613,0.7860037684440613,0.7860037684440613,-0.7860037684440613,-0.7860037684440613,-0.7860037684440613,0.0,0.0,0.0,0.0,0.0,0.0
1717772711,194480404,,DC1,DC2,DC3,DC4,DC5,DC6,-2.0,0.0,0.0,2.0,0.0,0.0,0.7865124940872192,0.7865124940872192,0.7865124940872192,-0.7865124940872192,-0.7865124940872192,-0.7865124940872192,0.0,0.0,0.0,0.0,0.0,0.0
1717772711,244440955,,DC1,DC2,DC3,DC4,DC5,DC6,-2.0,0.0,0.0,2.0,0.0,0.0,0.7869957685470581,0.7869957685470581,0.7869957685470581,-0.7869957685470581,-0.7869957685470581,-0.7869957685470581,0.0,0.0,0.0,0.0,0.0,0.0
1717772711,295209115,,DC1,DC2,DC3,DC4,DC5,DC6,-2.0,0.0,0.0,2.0,0.0,0.0,0.7874549031257629,0.7874549031257629,0.7874549031257629,-0.7874549031257629,-0.7874549031257629,-0.7874549031257629,0.0,0.0,0.0,0.0,0.0,0.0
1717772711,344603902,,DC1,DC2,DC3,DC4,DC5,DC6,-2.0,0.0,0.0,2.0,0.0,0.0,0.7878910899162292,0.7878910899162292,0.7878910899162292,-0.7878910899162292,-0.7878910899162292,-0.7878910899162292,0.0,0.0,0.0,0.0,0.0,0.0
1717772711,394649062,,DC1,DC2,DC3,DC4,DC5,DC6,-2.0,0.0,0.0,2.0,0.0,0.0,0.7883054614067078,0.7883054614067078,0.7883054614067078,-0.7883054614067078,-0.7883054614067078,-0.7883054614067078,0.0,0.0,0.0,0.0,0.0,0.0
1717772711,444732560,,DC1,DC2,DC3,DC4,DC5,DC6,-2.0,0.0,0.0,2.0,0.0,0.0,0.7886990904808044,0.7886990904808044,0.7886990904808044,-0.7886990904808044,-0.7886990904808044,-0.7886990904808044,0.0,0.0,0.0,0.0,0.0,0.0
1717772711,494579510,,DC1,DC2,DC3,DC4,DC5,DC6,-2.0,0.0,0.0,2.0,0.0,0.0,0.7890730500221252,0.7890730500221252,0.7890730500221252,-0.7890730500221252,-0.7890730500221252,-0.7890730500221252,0.0,0.0,0.0,0.0,0.0,0.0
1717772711,544488123,,DC1,DC2,DC3,DC4,DC5,DC6,-2.0,0.0,0.0,2.0,0.0,0.0,0.7894282937049866,0.7894282937049866,0.7894282937049866,-0.7894282937049866,-0.7894282937049866,-0.7894282937049866,0.0,0.0,0.0,0.0,0.0,0.0
1717772711,594497886,,DC1,DC2,DC3,DC4,DC5,DC6,-2.0,0.0,0.0,2.0,0.0,0.0,0.7897658348083496,0.7897658348083496,0.7897658348083496,-0.7897658348083496,-0.7897658348083496,-0.7897658348083496,0.0,0.0,0.0,0.0,0.0,0.0
1717772711,644465609,,DC1,DC2,DC3,DC4,DC5,DC6,-2.0,0.0,0.0,2.0,0.0,0.0,0.7900864481925964,0.7900864481925964,0.7900864481925964,-0.7900864481925964,-0.7900864481925964,-0.7900864481925964,0.0,0.0,0.0,0.0,0.0,0.0
1717772711,694477418,,DC1,DC2,DC3,DC4,DC5,DC6,-2.0,0.0,0.0,2.0,0.0,0.0,0.7903910279273987,0.7903910279273987,0.7903910279273987,-0.7903910279273987,-0.7903910279273987,-0.7903910279273987,0.0,0.0,0.0,0.0,0.0,0.0
1717772711,744493040,,DC1,DC2,DC3,DC4,DC5,DC6,-2.0,0.0,0.0,2.0,0.0,0.0,0.7906804084777832,0.7906804084777832,0.7906804084777832,-0.7906804084777832,-0.7906804084777832,-0.7906804084777832,0.0,0.0,0.0,0.0,0.0,0.0
1717772711,794746451,,DC1,DC2,DC3,DC4,DC5,DC6,-2.0,0.0,0.0,2.0,0.0,0.0,0.7909553050994873,0.7909553050994873,0.7909553050994873,-0.7909553050994873,-0.7909553050994873,-0.7909553050994873,0.0,0.0,0.0,0.0,0.0,0.0
1717772711,844725994,,DC1,DC2,DC3,DC4,DC5,DC6,-2.0,0.0,0.0,2.0,0.0,0.0,0.7912164330482483,0.7912164330482483,0.7912164330482483,-0.7912164330482483,-0.7912164330482483,-0.7912164330482483,0.0,0.0,0.0,0.0,0.0,0.0
1717772711,895030524,,DC1,DC2,DC3,DC4,DC5,DC6,-2.0,0.0,0.0,2.0,0.0,0.0,0.7914645671844482,0.7914645671844482,0.7914645671844482,-0.7914645671844482,-0.7914645671844482,-0.7914645671844482,0.0,0.0,0.0,0.0,0.0,0.0
1717772711,944713727,,DC1,DC2,DC3,DC4,DC5,DC6,-2.0,0.0,0.0,2.0,0.0,0.0,0.7917002439498901,0.7917002439498901,0.7917002439498901,-0.7917002439498901,-0.7917002439498901,-0.7917002439498901,0.0,0.0,0.0,0.0,0.0,0.0
1717772711,995154422,,DC1,DC2,DC3,DC4,DC5,DC6,-2.0,0.0,0.0,2.0,0.0,0.0,0.7919241189956665,0.7919241189956665,0.7919241189956665,-0.7919241189956665,-0.7919241189956665,-0.7919241189956665,0.0,0.0,0.0,0.0,0.0,0.0
1717772712,44514742,,DC1,DC2,DC3,DC4,DC5,DC6,-2.0,0.0,0.0,2.0,0.0,0.0,0.7921368479728699,0.7921368479728699,0.7921368479728699,-0.7921368479728699,-0.7921368479728699,-0.7921368479728699,0.0,0.0,0.0,0.0,0.0,0.0
1717772712,94512335,,DC1,DC2,DC3,DC4,DC5,DC6,-2.0,0.0,0.0,2.0,0.0,0.0,0.7923389077186584,0.7923389077186584,0.7923389077186584,-0.7923389077186584,-0.7923389077186584,-0.7923389077186584,0.0,0.0,0.0,0.0,0.0,0.0
1717772712,144798939,,DC1,DC2,DC3,DC4,DC5,DC6,-2.0,0.0,0.0,2.0,0.0,0.0,0.79253089427948,0.79253089427948,0.79253089427948,-0.79253089427948,-0.79253089427948,-0.79253089427948,0.0,0.0,0.0,0.0,0.0,0.0
1717772712,195285645,,DC1,DC2,DC3,DC4,DC5,DC6,-2.0,0.0,0.0,2.0,0.0,0.0,0.7927132844924927,0.7927132844924927,0.7927132844924927,-0.7927132844924927,-0.7927132844924927,-0.7927132844924927,0.0,0.0,0.0,0.0,0.0,0.0
1717772712,244470750,,DC1,DC2,DC3,DC4,DC5,DC6,-2.0,0.0,0.0,2.0,0.0,0.0,0.79288649559021,0.79288649559021,0.79288649559021,-0.79288649559021,-0.79288649559021,-0.79288649559021,0.0,0.0,0.0,0.0,0.0,0.0
1717772712,294956179,,DC1,DC2,DC3,DC4,DC5,DC6,-2.0,0.0,0.0,2.0,0.0,0.0,0.7930511236190796,0.7930511236190796,0.7930511236190796,-0.7930511236190796,-0.7930511236190796,-0.7930511236190796,0.0,0.0,0.0,0.0,0.0,0.0
1717772712,344666150,,DC1,DC2,DC3,DC4,DC5,DC6,-2.0,0.0,0.0,2.0,0.0,0.0,0.7932074666023254,0.7932074666023254,0.7932074666023254,-0.7932074666023254,-0.7932074666023254,-0.7932074666023254,0.0,0.0,0.0,0.0,0.0,0.0
1717772712,394665802,,DC1,DC2,DC3,DC4,DC5,DC6,-2.0,0.0,0.0,2.0,0.0,0.0,0.7933560013771057,0.7933560013771057,0.7933560013771057,-0.7933560013771057,-0.7933560013771057,-0.7933560013771057,0.0,0.0,0.0,0.0,0.0,0.0
1717772712,444638335,,DC1,DC2,DC3,DC4,DC5,DC6,-2.0,0.0,0.0,2.0,0.0,0.0,0.7934971451759338,0.7934971451759338,0.7934971451759338,-0.7934971451759338,-0.7934971451759338,-0.7934971451759338,0.0,0.0,0.0,0.0,0.0,0.0
1717772712,495078589,,DC1,DC2,DC3,DC4,DC5,DC6,-2.0,0.0,0.0,2.0,0.0,0.0,0.7936311960220337,0.7936311960220337,0.7936311960220337,-0.7936311960220337,-0.7936311960220337,-0.7936311960220337,0.0,0.0,0.0,0.0,0.0,0.0
1717772712,544562251,,DC1,DC2,DC3,DC4,DC5,DC6,-2.0,0.0,0.0,2.0,0.0,0.0,0.7937585711479187,0.7937585711479187,0.7937585711479187,-0.7937585711479187,-0.7937585711479187,-0.7937585711479187,0.0,0.0,0.0,0.0,0.0,0.0
1717772712,594813120,,DC1,DC2,DC3,DC4,DC5,DC6,-2.0,0.0,0.0,2.0,0.0,0.0,0.7938795685768127,0.7938795685768127,0.7938795685768127,-0.7938795685768127,-0.7938795685768127,-0.7938795685768127,0.0,0.0,0.0,0.0,0.0,0.0
1717772712,644621522,,DC1,DC2,DC3,DC4,DC5,DC6,-2.0,0.0,0.0,2.0,0.0,0.0,0.7939944863319397,0.7939944863319397,0.7939944863319397,-0.7939944863319397,-0.7939944863319397,-0.7939944863319397,0.0,0.0,0.0,0.0,0.0,0.0
1717772712,694657288,,DC1,DC2,DC3,DC4,DC5,DC6,-2.0,0.0,0.0,2.0,0.0,0.0,0.7941036820411682,0.7941036820411682,0.7941036820411682,-0.7941036820411682,-0.7941036820411682,-0.7941036820411682,0.0,0.0,0.0,0.0,0.0,0.0
1717772712,744508092,,DC1,DC2,DC3,DC4,DC5,DC6,-2.0,0.0,0.0,2.0,0.0,0.0,0.7942073941230774,0.7942073941230774,0.7942073941230774,-0.7942073941230774,-0.7942073941230774,-0.7942073941230774,0.0,0.0,0.0,0.0,0.0,0.0
1717772712,794904676,,DC1,DC2,DC3,DC4,DC5,DC6,-2.0,0.0,0.0,2.0,0.0,0.0,0.7943059802055359,0.7943059802055359,0.7943059802055359,-0.7943059802055359,-0.7943059802055359,-0.7943059802055359,0.0,0.0,0.0,0.0,0.0,0.0
1717772712,844314434,,DC1,DC2,DC3,DC4,DC5,DC6,-2.0,0.0,0.0,2.0,0.0,0.0,0.7943995594978333,0.7943995594978333,0.7943995594978333,-0.7943995594978333,-0.7943995594978333,-0.7943995594978333,0.0,0.0,0.0,0.0,0.0,0.0
1717772712,895077569,,DC1,DC2,DC3,DC4,DC5,DC6,-2.0,0.0,0.0,2.0,0.0,0.0,0.7944884896278381,0.7944884896278381,0.7944884896278381,-0.7944884896278381,-0.7944884896278381,-0.7944884896278381,0.0,0.0,0.0,0.0,0.0,0.0
1717772712,944654600,,DC1,DC2,DC3,DC4,DC5,DC6,-2.0,0.0,0.0,2.0,0.0,0.0,0.7945730090141296,0.7945730090141296,0.7945730090141296,-0.7945730090141296,-0.7945730090141296,-0.7945730090141296,0.0,0.0,0.0,0.0,0.0,0.0
1717772712,994513638,,DC1,DC2,DC3,DC4,DC5,DC6,-2.0,0.0,0.0,2.0,0.0,0.0,0.7946532964706421,0.7946532964706421,0.7946532964706421,-0.7946532964706421,-0.7946532964706421,-0.7946532964706421,0.0,0.0,0.0,0.0,0.0,0.0
1717772713,44662177,,DC1,DC2,DC3,DC4,DC5,DC6,-2.0,0.0,0.0,2.0,0.0,0.0,0.7947295308113098,0.7947295308113098,0.7947295308113098,-0.7947295308113098,-0.7947295308113098,-0.7947295308113098,0.0,0.0,0.0,0.0,0.0,0.0
1717772713,94494696,,DC1,DC2,DC3,DC4,DC5,DC6,-2.0,0.0,0.0,2.0,0.0,0.0,0.7948019504547119,0.7948019504547119,0.7948019504547119,-0.7948019504547119,-0.7948019504547119,-0.7948019504547119,0.0,0.0,0.0,0.0,0.0,0.0
1717772713,145303632,,DC1,DC2,DC3,DC4,DC5,DC6,-2.0,0.0,0.0,2.0,0.0,0.0,0.7948707938194275,0.7948707938194275,0.7948707938194275,-0.7948707938194275,-0.7948707938194275,-0.7948707938194275,0.0,0.0,0.0,0.0,0.0,0.0
1717772713,194853027,,DC1,DC2,DC3,DC4,DC5,DC6,-2.0,0.0,0.0,2.0,0.0,0.0,0.7949361801147461,0.7949361801147461,0.7949361801147461,-0.7949361801147461,-0.7949361801147461,-0.7949361801147461,0.0,0.0,0.0,0.0,0.0,0.0
1717772713,244461725,,DC1,DC2,DC3,DC4,DC5,DC6,-2.0,0.0,0.0,2.0,0.0,0.0,0.794998288154602,0.794998288154602,0.794998288154602,-0.794998288154602,-0.794998288154602,-0.794998288154602,0.0,0.0,0.0,0.0,0.0,0.0
1717772713,295079605,,DC1,DC2,DC3,DC4,DC5,DC6,-2.0,0.0,0.0,2.0,0.0,0.0,0.7950572967529297,0.7950572967529297,0.7950572967529297,-0.7950572967529297,-0.7950572967529297,-0.7950572967529297,0.0,0.0,0.0,0.0,0.0,0.0
1717772713,344779710,,DC1,DC2,DC3,DC4,DC5,DC6,-2.0,0.0,0.0,2.0,0.0,0.0,0.7951133251190186,0.7951133251190186,0.7951133251190186,-0.7951133251190186,-0.7951133251190186,-0.7951133251190186,0.0,0.0,0.0,0.0,0.0,0.0
1717772713,395028994,,DC1,DC2,DC3,DC4,DC5,DC6,-2.0,0.0,0.0,2.0,0.0,0.0,0.795166552066803,0.795166552066803,0.795166552066803,-0.795166552066803,-0.795166552066803,-0.795166552066803,0.0,0.0,0.0,0.0,0.0,0.0
1717772713,444480229,,DC1,DC2,DC3,DC4,DC5,DC6,-2.0,0.0,0.0,2.0,0.0,0.0,0.7952171564102173,0.7952171564102173,0.7952171564102173,-0.7952171564102173,-0.7952171564102173,-0.7952171564102173,0.0,0.0,0.0,0.0,0.0,0.0
1717772713,494635222,,DC1,DC2,DC3,DC4,DC5,DC6,-2.0,0.0,0.0,2.0,0.0,0.0,0.7952651977539062,0.7952651977539062,0.7952651977539062,-0.7952651977539062,-0.7952651977539062,-0.7952651977539062,0.0,0.0,0.0,0.0,0.0,0.0
1717772713,544967411,,DC1,DC2,DC3,DC4,DC5,DC6,-2.0,0.0,0.0,2.0,0.0,0.0,0.7953108549118042,0.7953108549118042,0.7953108549118042,-0.7953108549118042,-0.7953108549118042,-0.7953108549118042,0.0,0.0,0.0,0.0,0.0,0.0
1717772713,594982375,,DC1,DC2,DC3,DC4,DC5,DC6,-2.0,0.0,0.0,2.0,0.0,0.0,0.7953542470932007,0.7953542470932007,0.7953542470932007,-0.7953542470932007,-0.7953542470932007,-0.7953542470932007,0.0,0.0,0.0,0.0,0.0,0.0
1717772713,644608427,,DC1,DC2,DC3,DC4,DC5,DC6,-2.0,0.0,0.0,2.0,0.0,0.0,0.7953954339027405,0.7953954339027405,0.7953954339027405,-0.7953954339027405,-0.7953954339027405,-0.7953954339027405,0.0,0.0,0.0,0.0,0.0,0.0
1717772713,694366978,,DC1,DC2,DC3,DC4,DC5,DC6,-2.0,0.0,0.0,2.0,0.0,0.0,0.7954345941543579,0.7954345941543579,0.7954345941543579,-0.7954345941543579,-0.7954345941543579,-0.7954345941543579,0.0,0.0,0.0,0.0,0.0,0.0
1717772713,744633269,,DC1,DC2,DC3,DC4,DC5,DC6,-2.0,0.0,0.0,2.0,0.0,0.0,0.7954717874526978,0.7954717874526978,0.7954717874526978,-0.7954717874526978,-0.7954717874526978,-0.7954717874526978,0.0,0.0,0.0,0.0,0.0,0.0
1717772713,795079326,,DC1,DC2,DC3,DC4,DC5,DC6,-2.0,0.0,0.0,2.0,0.0,0.0,0.7955071330070496,0.7955071330070496,0.7955071330070496,-0.7955071330070496,-0.7955071330070496,-0.7955071330070496,0.0,0.0,0.0,0.0,0.0,0.0
1717772713,845197510,,DC1,DC2,DC3,DC4,DC5,DC6,-2.0,0.0,0.0,2.0,0.0,0.0,0.7955406904220581,0.7955406904220581,0.7955406904220581,-0.7955406904220581,-0.7955406904220581,-0.7955406904220581,0.0,0.0,0.0,0.0,0.0,0.0
1717772713,894788861,,DC1,DC2,DC3,DC4,DC5,DC6,-2.0,0.0,0.0,2.0,0.0,0.0,0.7955725789070129,0.7955725789070129,0.7955725789070129,-0.7955725789070129,-0.7955725789070129,-0.7955725789070129,0.0,0.0,0.0,0.0,0.0,0.0
1717772713,944868143,,DC1,DC2,DC3,DC4,DC5,DC6,-2.0,0.0,0.0,2.0,0.0,0.0,0.7956028580665588,0.7956028580665588,0.7956028580665588,-0.7956028580665588,-0.7956028580665588,-0.7956028580665588,0.0,0.0,0.0,0.0,0.0,0.0
1717772713,995224868,,DC1,DC2,DC3,DC4,DC5,DC6,-2.0,0.0,0.0,2.0,0.0,0.0,0.7956316471099854,0.7956316471099854,0.7956316471099854,-0.7956316471099854,-0.7956316471099854,-0.7956316471099854,0.0,0.0,0.0,0.0,0.0,0.0
1717772714,44650092,,DC1,DC2,DC3,DC4,DC5,DC6,-2.0,0.0,0.0,2.0,0.0,0.0,0.7956589460372925,0.7956589460372925,0.7956589460372925,-0.7956589460372925,-0.7956589460372925,-0.7956589460372925,0.0,0.0,0.0,0.0,0.0,0.0
1717772714,94753054,,DC1,DC2,DC3,DC4,DC5,DC6,-2.0,0.0,0.0,2.0,0.0,0.0,0.7956849336624146,0.7956849336624146,0.7956849336624146,-0.7956849336624146,-0.7956849336624146,-0.7956849336624146,0.0,0.0,0.0,0.0,0.0,0.0
1717772714,144445848,,DC1,DC2,DC3,DC4,DC5,DC6,-2.0,0.0,0.0,2.0,0.0,0.0,0.7957096099853516,0.7957096099853516,0.7957096099853516,-0.7957096099853516,-0.7957096099853516,-0.7957096099853516,0.0,0.0,0.0,0.0,0.0,0.0
1717772714,194591089,,DC1,DC2,DC3,DC4,DC5,DC6,-2.0,0.0,0.0,2.0,0.0,0.0,0.7957330346107483,0.7957330346107483,0.7957330346107483,-0.7957330346107483,-0.7957330346107483,-0.7957330346107483,0.0,0.0,0.0,0.0,0.0,0.0
1717772714,244591922,,DC1,DC2,DC3,DC4,DC5,DC6,-2.0,0.0,0.0,2.0,0.0,0.0,0.7957553267478943,0.7957553267478943,0.7957553267478943,-0.7957553267478943,-0.7957553267478943,-0.7957553267478943,0.0,0.0,0.0,0.0,0.0,0.0
1717772714,294734836,,DC1,DC2,DC3,DC4,DC5,DC6,-2.0,0.0,0.0,2.0,0.0,0.0,0.7957764863967896,0.7957764863967896,0.7957764863967896,-0.7957764863967896,-0.7957764863967896,-0.7957764863967896,0.0,0.0,0.0,0.0,0.0,0.0
1717772714,344691732,,DC1,DC2,DC3,DC4,DC5,DC6,-2.0,0.0,0.0,2.0,0.0,0.0,0.7957965731620789,0.7957965731620789,0.7957965731620789,-0.7957965731620789,-0.7957965731620789,-0.7957965731620789,0.0,0.0,0.0,0.0,0.0,0.0
1717772714,395977293,,DC1,DC2,DC3,DC4,DC5,DC6,-2.0,0.0,0.0,2.0,0.0,0.0,0.795815646648407,0.795815646648407,0.795815646648407,-0.795815646648407,-0.795815646648407,-0.795815646648407,0.0,0.0,0.0,0.0,0.0,0.0
1717772714,444248566,,DC1,DC2,DC3,DC4,DC5,DC6,-2.0,0.0,0.0,2.0,0.0,0.0,0.7958337664604187,0.7958337664604187,0.7958337664604187,-0.7958337664604187,-0.7958337664604187,-0.7958337664604187,0.0,0.0,0.0,0.0,0.0,0.0
1717772714,495048541,,DC1,DC2,DC3,DC4,DC5,DC6,-2.0,0.0,0.0,2.0,0.0,0.0,0.7958509922027588,0.7958509922027588,0.7958509922027588,-0.7958509922027588,-0.7958509922027588,-0.7958509922027588,0.0,0.0,0.0,0.0,0.0,0.0
1717772714,544399584,,DC1,DC2,DC3,DC4,DC5,DC6,-2.0,0.0,0.0,2.0,0.0,0.0,0.795867383480072,0.795867383480072,0.795867383480072,-0.795867383480072,-0.795867383480072,-0.795867383480072,0.0,0.0,0.0,0.0,0.0,0.0
1717772714,594753230,,DC1,DC2,DC3,DC4,DC5,DC6,-2.0,0.0,0.0,2.0,0.0,0.0,0.7958829402923584,0.7958829402923584,0.7958829402923584,-0.7958829402923584,-0.7958829402923584,-0.7958829402923584,0.0,0.0,0.0,0.0,0.0,0.0
1717772714,644772870,,DC1,DC2,DC3,DC4,DC5,DC6,-2.0,0.0,0.0,2.0,0.0,0.0,0.7958976626396179,0.7958976626396179,0.7958976626396179,-0.7958976626396179,-0.7958976626396179,-0.7958976626396179,0.0,0.0,0.0,0.0,0.0,0.0
1717772714,695221790,,DC1,DC2,DC3,DC4,DC5,DC6,-2.0,0.0,0.0,2.0,0.0,0.0,0.7959117293357849,0.7959117293357849,0.7959117293357849,-0.7959117293357849,-0.7959117293357849,-0.7959117293357849,0.0,0.0,0.0,0.0,0.0,0.0
1717772714,744700728,,DC1,DC2,DC3,DC4,DC5,DC6,-2.0,0.0,0.0,2.0,0.0,0.0,0.7959250807762146,0.7959250807762146,0.7959250807762146,-0.7959250807762146,-0.7959250807762146,-0.7959250807762146,0.0,0.0,0.0,0.0,0.0,0.0
1717772714,794796440,,DC1,DC2,DC3,DC4,DC5,DC6,-2.0,0.0,0.0,2.0,0.0,0.0,0.795937716960907,0.795937716960907,0.795937716960907,-0.795937716960907,-0.795937716960907,-0.795937716960907,0.0,0.0,0.0,0.0,0.0,0.0
1717772714,844697397,,DC1,DC2,DC3,DC4,DC5,DC6,-2.0,0.0,0.0,2.0,0.0,0.0,0.7959497570991516,0.7959497570991516,0.7959497570991516,-0.7959497570991516,-0.7959497570991516,-0.7959497570991516,0.0,0.0,0.0,0.0,0.0,0.0
1717772714,894964700,,DC1,DC2,DC3,DC4,DC5,DC6,-2.0,0.0,0.0,2.0,0.0,0.0,0.7959612011909485,0.7959612011909485,0.7959612011909485,-0.7959612011909485,-0.7959612011909485,-0.7959612011909485,0.0,0.0,0.0,0.0,0.0,0.0
1717772714,944672766,,DC1,DC2,DC3,DC4,DC5,DC6,-2.0,0.0,0.0,2.0,0.0,0.0,0.7959720492362976,0.7959720492362976,0.7959720492362976,-0.7959720492362976,-0.7959720492362976,-0.7959720492362976,0.0,0.0,0.0,0.0,0.0,0.0
1717772714,994910755,,DC1,DC2,DC3,DC4,DC5,DC6,-2.0,0.0,0.0,2.0,0.0,0.0,0.7959823608398438,0.7959823608398438,0.7959823608398438,-0.7959823608398438,-0.7959823608398438,-0.7959823608398438,0.0,0.0,0.0,0.0,0.0,0.0
1717772715,44454613,,DC1,DC2,DC3,DC4,DC5,DC6,-2.0,0.0,0.0,2.0,0.0,0.0,0.7959921360015869,0.7959921360015869,0.7959921360015869,-0.7959921360015869,-0.7959921360015869,-0.7959921360015869,0.0,0.0,0.0,0.0,0.0,0.0
1717772715,95411976,,DC1,DC2,DC3,DC4,DC5,DC6,-2.0,0.0,0.0,2.0,0.0,0.0,0.7960014343261719,0.7960014343261719,0.7960014343261719,-0.7960014343261719,-0.7960014343261719,-0.7960014343261719,0.0,0.0,0.0,0.0,0.0,0.0
1717772715,144557494,,DC1,DC2,DC3,DC4,DC5,DC6,-2.0,0.0,0.0,2.0,0.0,0.0,0.7960103154182434,0.7960103154182434,0.7960103154182434,-0.7960103154182434,-0.7960103154182434,-0.7960103154182434,0.0,0.0,0.0,0.0,0.0,0.0
1717772715,195170451,,DC1,DC2,DC3,DC4,DC5,DC6,-2.0,0.0,0.0,2.0,0.0,0.0,0.7960187196731567,0.7960187196731567,0.7960187196731567,-0.7960187196731567,-0.7960187196731567,-0.7960187196731567,0.0,0.0,0.0,0.0,0.0,0.0
1717772715,244657030,,DC1,DC2,DC3,DC4,DC5,DC6,-2.0,0.0,0.0,2.0,0.0,0.0,0.7960267066955566,0.7960267066955566,0.7960267066955566,-0.7960267066955566,-0.7960267066955566,-0.7960267066955566,0.0,0.0,0.0,0.0,0.0,0.0
1717772715,295215816,,DC1,DC2,DC3,DC4,DC5,DC6,-2.0,0.0,0.0,2.0,0.0,0.0,0.7960342764854431,0.7960342764854431,0.7960342764854431,-0.7960342764854431,-0.7960342764854431,-0.7960342764854431,0.0,0.0,0.0,0.0,0.0,0.0
1717772715,344609251,,DC1,DC2,DC3,DC4,DC5,DC6,-2.0,0.0,0.0,2.0,0.0,0.0,0.7562325596809387,0.7562325596809387,0.7562325596809387,-0.7562325596809387,-0.7562325596809387,-0.7562325596809387,0.0,0.0,0.0,0.0,0.0,0.0
1717772715,395065010,,DC1,DC2,DC3,DC4,DC5,DC6,-2.0,0.0,0.0,2.0,0.0,0.0,0.7184209227561951,0.7184209227561951,0.7184209227561951,-0.7184209227561951,-0.7184209227561951,-0.7184209227561951,0.0,0.0,0.0,0.0,0.0,0.0
1717772715,444590552,,DC1,DC2,DC3,DC4,DC5,DC6,-2.0,0.0,0.0,2.0,0.0,0.0,0.682499885559082,0.682499885559082,0.682499885559082,-0.682499885559082,-0.682499885559082,-0.682499885559082,0.0,0.0,0.0,0.0,0.0,0.0
1717772715,494998293,,DC1,DC2,DC3,DC4,DC5,DC6,-2.0,0.0,0.0,2.0,0.0,0.0,0.6483749151229858,0.6483749151229858,0.6483749151229858,-0.6483749151229858,-0.6483749151229858,-0.6483749151229858,0.0,0.0,0.0,0.0,0.0,0.0
1717772715,544766206,,DC1,DC2,DC3,DC4,DC5,DC6,-2.0,0.0,0.0,2.0,0.0,0.0,0.6159561276435852,0.6159561276435852,0.6159561276435852,-0.6159561276435852,-0.6159561276435852,-0.6159561276435852,0.0,0.0,0.0,0.0,0.0,0.0
1717772715,595477858,,DC1,DC2,DC3,DC4,DC5,DC6,-2.0,0.0,0.0,2.0,0.0,0.0,0.5851583480834961,0.5851583480834961,0.5851583480834961,-0.5851583480834961,-0.5851583480834961,-0.5851583480834961,0.0,0.0,0.0,0.0,0.0,0.0
1717772715,644555421,,DC1,DC2,DC3,DC4,DC5,DC6,-2.0,0.0,0.0,2.0,0.0,0.0,0.5559003949165344,0.5559003949165344,0.5559003949165344,-0.5559003949165344,-0.5559003949165344,-0.5559003949165344,0.0,0.0,0.0,0.0,0.0,0.0
1717772715,694894811,,DC1,DC2,DC3,DC4,DC5,DC6,-2.0,0.0,0.0,2.0,0.0,0.0,0.5281053781509399,0.5281053781509399,0.5281053781509399,-0.5281053781509399,-0.5281053781509399,-0.5281053781509399,0.0,0.0,0.0,0.0,0.0,0.0
1717772715,744873614,,DC1,DC2,DC3,DC4,DC5,DC6,-2.0,0.0,0.0,2.0,0.0,0.0,0.5017001032829285,0.5017001032829285,0.5017001032829285,-0.5017001032829285,-0.5017001032829285,-0.5017001032829285,0.0,0.0,0.0,0.0,0.0,0.0
1717772715,796196646,,DC1,DC2,DC3,DC4,DC5,DC6,-2.0,0.0,0.0,2.0,0.0,0.0,0.47661513090133667,0.47661513090133667,0.47661513090133667,-0.47661513090133667,-0.47661513090133667,-0.47661513090133667,0.0,0.0,0.0,0.0,0.0,0.0
1717772715,844240360,,DC1,DC2,DC3,DC4,DC5,DC6,-2.0,0.0,0.0,2.0,0.0,0.0,0.45278435945510864,0.45278435945510864,0.45278435945510864,-0.45278435945510864,-0.45278435945510864,-0.45278435945510864,0.0,0.0,0.0,0.0,0.0,0.0
1717772715,894421165,,DC1,DC2,DC3,DC4,DC5,DC6,-2.0,0.0,0.0,2.0,0.0,0.0,0.43014514446258545,0.43014514446258545,0.43014514446258545,-0.43014514446258545,-0.43014514446258545,-0.43014514446258545,0.0,0.0,0.0,0.0,0.0,0.0
1717772715,945339157,,DC1,DC2,DC3,DC4,DC5,DC6,-2.0,0.0,0.0,2.0,0.0,0.0,0.4086378812789917,0.4086378812789917,0.4086378812789917,-0.4086378812789917,-0.4086378812789917,-0.4086378812789917,0.0,0.0,0.0,0.0,0.0,0.0
1717772715,995003378,,DC1,DC2,DC3,DC4,DC5,DC6,-2.0,0.0,0.0,2.0,0.0,0.0,0.38820600509643555,0.38820600509643555,0.38820600509643555,-0.38820600509643555,-0.38820600509643555,-0.38820600509643555,0.0,0.0,0.0,0.0,0.0,0.0
1717772716,44393865,,DC1,DC2,DC3,DC4,DC5,DC6,-2.0,0.0,0.0,2.0,0.0,0.0,0.3687956929206848,0.3687956929206848,0.3687956929206848,-0.3687956929206848,-0.3687956929206848,-0.3687956929206848,0.0,0.0,0.0,0.0,0.0,0.0
1717772716,94758176,,DC1,DC2,DC3,DC4,DC5,DC6,-2.0,0.0,0.0,2.0,0.0,0.0,0.35035592317581177,0.35035592317581177,0.35035592317581177,-0.35035592317581177,-0.35035592317581177,-0.35035592317581177,0.0,0.0,0.0,0.0,0.0,0.0
1717772716,144748879,,DC1,DC2,DC3,DC4,DC5,DC6,-2.0,0.0,0.0,2.0,0.0,0.0,0.33283811807632446,0.33283811807632446,0.33283811807632446,-0.33283811807632446,-0.33283811807632446,-0.33283811807632446,0.0,0.0,0.0,0.0,0.0,0.0
1717772716,195201781,,DC1,DC2,DC3,DC4,DC5,DC6,-2.0,0.0,0.0,2.0,0.0,0.0,0.3161962032318115,0.3161962032318115,0.3161962032318115,-0.3161962032318115,-0.3161962032318115,-0.3161962032318115,0.0,0.0,0.0,0.0,0.0,0.0
1717772716,244972993,,DC1,DC2,DC3,DC4,DC5,DC6,-2.0,0.0,0.0,2.0,0.0,0.0,0.3003863990306854,0.3003863990306854,0.3003863990306854,-0.3003863990306854,-0.3003863990306854,-0.3003863990306854,0.0,0.0,0.0,0.0,0.0,0.0
1717772716,295718839,,DC1,DC2,DC3,DC4,DC5,DC6,-2.0,0.0,0.0,2.0,0.0,0.0,0.28536707162857056,0.28536707162857056,0.28536707162857056,-0.28536707162857056,-0.28536707162857056,-0.28536707162857056,0.0,0.0,0.0,0.0,0.0,0.0
1717772716,345211102,,DC1,DC2,DC3,DC4,DC5,DC6,-2.0,0.0,0.0,2.0,0.0,0.0,0.2710987329483032,0.2710987329483032,0.2710987329483032,-0.2710987329483032,-0.2710987329483032,-0.2710987329483032,0.0,0.0,0.0,0.0,0.0,0.0
1717772716,395391832,,DC1,DC2,DC3,DC4,DC5,DC6,-2.0,0.0,0.0,2.0,0.0,0.0,0.25754380226135254,0.25754380226135254,0.25754380226135254,-0.25754380226135254,-0.25754380226135254,-0.25754380226135254,0.0,0.0,0.0,0.0,0.0,0.0
1717772716,444931850,,DC1,DC2,DC3,DC4,DC5,DC6,-2.0,0.0,0.0,2.0,0.0,0.0,0.24466660618782043,0.24466660618782043,0.24466660618782043,-0.24466660618782043,-0.24466660618782043,-0.24466660618782043,0.0,0.0,0.0,0.0,0.0,0.0
1717772716,495780210,,DC1,DC2,DC3,DC4,DC5,DC6,-2.0,0.0,0.0,2.0,0.0,0.0,0.2324332743883133,0.2324332743883133,0.2324332743883133,-0.2324332743883133,-0.2324332743883133,-0.2324332743883133,0.0,0.0,0.0,0.0,0.0,0.0
1717772716,544809891,,DC1,DC2,DC3,DC4,DC5,DC6,-2.0,0.0,0.0,2.0,0.0,0.0,0.2208116054534912,0.2208116054534912,0.2208116054534912,-0.2208116054534912,-0.2208116054534912,-0.2208116054534912,0.0,0.0,0.0,0.0,0.0,0.0
1717772716,595449821,,DC1,DC2,DC3,DC4,DC5,DC6,-2.0,0.0,0.0,2.0,0.0,0.0,0.2097710222005844,0.2097710222005844,0.2097710222005844,-0.2097710222005844,-0.2097710222005844,-0.2097710222005844,0.0,0.0,0.0,0.0,0.0,0.0
1717772716,644702461,,DC1,DC2,DC3,DC4,DC5,DC6,-2.0,0.0,0.0,2.0,0.0,0.0,0.1992824822664261,0.1992824822664261,0.1992824822664261,-0.1992824822664261,-0.1992824822664261,-0.1992824822664261,0.0,0.0,0.0,0.0,0.0,0.0
1717772716,695350051,,DC1,DC2,DC3,DC4,DC5,DC6,-2.0,0.0,0.0,2.0,0.0,0.0,0.18931835889816284,0.18931835889816284,0.18931835889816284,-0.18931835889816284,-0.18931835889816284,-0.18931835889816284,0.0,0.0,0.0,0.0,0.0,0.0
1717772716,744747504,,DC1,DC2,DC3,DC4,DC5,DC6,-2.0,0.0,0.0,2.0,0.0,0.0,0.1798524409532547,0.1798524409532547,0.1798524409532547,-0.1798524409532547,-0.1798524409532547,-0.1798524409532547,0.0,0.0,0.0,0.0,0.0,0.0
1717772716,794861825,,DC1,DC2,DC3,DC4,DC5,DC6,-2.0,0.0,0.0,2.0,0.0,0.0,0.17085981369018555,0.17085981369018555,0.17085981369018555,-0.17085981369018555,-0.17085981369018555,-0.17085981369018555,0.0,0.0,0.0,0.0,0.0,0.0
1717772716,844808522,,DC1,DC2,DC3,DC4,DC5,DC6,-2.0,0.0,0.0,2.0,0.0,0.0,0.16231682896614075,0.16231682896614075,0.16231682896614075,-0.16231682896614075,-0.16231682896614075,-0.16231682896614075,0.0,0.0,0.0,0.0,0.0,0.0
1717772716,895110677,,DC1,DC2,DC3,DC4,DC5,DC6,-2.0,0.0,0.0,2.0,0.0,0.0,0.1542009860277176,0.1542009860277176,0.1542009860277176,-0.1542009860277176,-0.1542009860277176,-0.1542009860277176,0.0,0.0,0.0,0.0,0.0,0.0
1717772716,944686612,,DC1,DC2,DC3,DC4,DC5,DC6,-2.0,0.0,0.0,2.0,0.0,0.0,0.1464909315109253,0.1464909315109253,0.1464909315109253,-0.1464909315109253,-0.1464909315109253,-0.1464909315109253,0.0,0.0,0.0,0.0,0.0,0.0
1717772716,994757796,,DC1,DC2,DC3,DC4,DC5,DC6,-2.0,0.0,0.0,2.0,0.0,0.0,0.13916638493537903,0.13916638493537903,0.13916638493537903,-0.13916638493537903,-0.13916638493537903,-0.13916638493537903,0.0,0.0,0.0,0.0,0.0,0.0
1717772717,44770774,,DC1,DC2,DC3,DC4,DC5,DC6,-2.0,0.0,0.0,2.0,0.0,0.0,0.13220806419849396,0.13220806419849396,0.13220806419849396,-0.13220806419849396,-0.13220806419849396,-0.13220806419849396,0.0,0.0,0.0,0.0,0.0,0.0
1717772717,94737654,,DC1,DC2,DC3,DC4,DC5,DC6,-2.0,0.0,0.0,2.0,0.0,0.0,0.12559765577316284,0.12559765577316284,0.12559765577316284,-0.12559765577316284,-0.12559765577316284,-0.12559765577316284,0.0,0.0,0.0,0.0,0.0,0.0
1717772717,144590017,,DC1,DC2,DC3,DC4,DC5,DC6,-2.0,0.0,0.0,2.0,0.0,0.0,0.11931777745485306,0.11931777745485306,0.11931777745485306,-0.11931777745485306,-0.11931777745485306,-0.11931777745485306,0.0,0.0,0.0,0.0,0.0,0.0
1717772717,194955133,,DC1,DC2,DC3,DC4,DC5,DC6,-2.0,0.0,0.0,2.0,0.0,0.0,0.11335188895463943,0.11335188895463943,0.11335188895463943,-0.11335188895463943,-0.11335188895463943,-0.11335188895463943,0.0,0.0,0.0,0.0,0.0,0.0
1717772717,245009615,,DC1,DC2,DC3,DC4,DC5,DC6,-2.0,0.0,0.0,2.0,0.0,0.0,0.10768429934978485,0.10768429934978485,0.10768429934978485,-0.10768429934978485,-0.10768429934978485,-0.10768429934978485,0.0,0.0,0.0,0.0,0.0,0.0
1717772717,294892672,,DC1,DC2,DC3,DC4,DC5,DC6,-2.0,0.0,0.0,2.0,0.0,0.0,0.10230007767677307,0.10230007767677307,0.10230007767677307,-0.10230007767677307,-0.10230007767677307,-0.10230007767677307,0.0,0.0,0.0,0.0,0.0,0.0
1717772717,344773607,,DC1,DC2,DC3,DC4,DC5,DC6,-2.0,0.0,0.0,2.0,0.0,0.0,0.09718507528305054,0.09718507528305054,0.09718507528305054,-0.09718507528305054,-0.09718507528305054,-0.09718507528305054,0.0,0.0,0.0,0.0,0.0,0.0
1717772717,395139077,,DC1,DC2,DC3,DC4,DC5,DC6,-2.0,0.0,0.0,2.0,0.0,0.0,0.09232582151889801,0.09232582151889801,0.09232582151889801,-0.09232582151889801,-0.09232582151889801,-0.09232582151889801,0.0,0.0,0.0,0.0,0.0,0.0
1717772717,445020080,,DC1,DC2,DC3,DC4,DC5,DC6,-2.0,0.0,0.0,2.0,0.0,0.0,0.08770953118801117,0.08770953118801117,0.08770953118801117,-0.08770953118801117,-0.08770953118801117,-0.08770953118801117,0.0,0.0,0.0,0.0,0.0,0.0
1717772717,495014835,,DC1,DC2,DC3,DC4,DC5,DC6,-2.0,0.0,0.0,2.0,0.0,0.0,0.08332405239343643,0.08332405239343643,0.08332405239343643,-0.08332405239343643,-0.08332405239343643,-0.08332405239343643,0.0,0.0,0.0,0.0,0.0,0.0
1717772717,545009059,,DC1,DC2,DC3,DC4,DC5,DC6,-2.0,0.0,0.0,2.0,0.0,0.0,0.07915785163640976,0.07915785163640976,0.07915785163640976,-0.07915785163640976,-0.07915785163640976,-0.07915785163640976,0.0,0.0,0.0,0.0,0.0,0.0
1717772717,594947467,,DC1,DC2,DC3,DC4,DC5,DC6,-2.0,0.0,0.0,2.0,0.0,0.0,0.07519996166229248,0.07519996166229248,0.07519996166229248,-0.07519996166229248,-0.07519996166229248,-0.07519996166229248,0.0,0.0,0.0,0.0,0.0,0.0
1717772717,644595675,,DC1,DC2,DC3,DC4,DC5,DC6,-2.0,0.0,0.0,2.0,0.0,0.0,0.0714399591088295,0.0714399591088295,0.0714399591088295,-0.0714399591088295,-0.0714399591088295,-0.0714399591088295,0.0,0.0,0.0,0.0,0.0,0.0
1717772717,694789826,,DC1,DC2,DC3,DC4,DC5,DC6,-2.0,0.0,0.0,2.0,0.0,0.0,0.06786796450614929,0.06786796450614929,0.06786796450614929,-0.06786796450614929,-0.06786796450614929,-0.06786796450614929,0.0,0.0,0.0,0.0,0.0,0.0
1717772717,744943217,,DC1,DC2,DC3,DC4,DC5,DC6,-2.0,0.0,0.0,2.0,0.0,0.0,0.06447456777095795,0.06447456777095795,0.06447456777095795,-0.06447456777095795,-0.06447456777095795,-0.06447456777095795,0.0,0.0,0.0,0.0,0.0,0.0
1717772717,794734490,,DC1,DC2,DC3,DC4,DC5,DC6,-2.0,0.0,0.0,2.0,0.0,0.0,0.06125083565711975,0.06125083565711975,0.06125083565711975,-0.06125083565711975,-0.06125083565711975,-0.06125083565711975,0.0,0.0,0.0,0.0,0.0,0.0
1717772717,844994968,,DC1,DC2,DC3,DC4,DC5,DC6,-2.0,0.0,0.0,2.0,0.0,0.0,0.058188296854496,0.058188296854496,0.058188296854496,-0.058188296854496,-0.058188296854496,-0.058188296854496,0.0,0.0,0.0,0.0,0.0,0.0
1717772717,895045258,,DC1,DC2,DC3,DC4,DC5,DC6,-2.0,0.0,0.0,2.0,0.0,0.0,0.05527888238430023,0.05527888238430023,0.05527888238430023,-0.05527888238430023,-0.05527888238430023,-0.05527888238430023,0.0,0.0,0.0,0.0,0.0,0.0
