1717772703,586540664,,DC1,DC2,DC3,DC4,DC5,DC6,-1.99609375,-1.99609375,0.376220703125,1.1142578125,1.1142578125,0.408447265625,0.0,0.0,0.0,-0.0,-0.0,-0.0,0.1461181640625,0.03424072265625,0.031951904296875,0.036529541015625,6.47265625,0.013702392578125
1717772703,636364222,,DC1,DC2,DC3,DC4,DC5,DC6,-1.0615234375,-1.0615234375,0.356689453125,1.0419921875,1.0419921875,0.297607421875,0.0,0.0,0.0,-0.0,-0.0,-0.0,0.1461181640625,0.036529541015625,0.036529541015625,0.038818359375,6.43359375,0.01141357421875
1717772703,686336123,,DC1,DC2,DC3,DC4,DC5,DC6,-1.5634765625,-1.5634765625,0.5380859375,1.11328125,1.0625,0.279541015625,0.0,0.0,0.0,-0.0,-0.0,-0.0,0.1392822265625,0.02740478515625,0.041107177734375,0.036529541015625,6.47265625,0.0159759521484375
1717772703,736394062,,DC1,DC2,DC3,DC4,DC5,DC6,-1.4501953125,-1.4501953125,0.57861328125,1.0537109375,1.0537109375,0.2398681640625,0.0,0.0,0.0,-0.0,-0.0,-0.0,0.1461181640625,0.04339599609375,0.03424072265625,0.04339599609375,6.4375,0.00913238525390625
1717772703,787275035,,DC1,DC2,DC3,DC4,DC5,DC6,-1.330078125,-1.330078125,0.77734375,1.1865234375,1.1865234375,0.45751953125,0.0,0.0,0.0,-0.0,-0.0,-0.0,0.1461181640625,0.041107177734375,0.041107177734375,0.03424072265625,6.47265625,0.013702392578125
1717772703,836547271,,DC1,DC2,DC3,DC4,DC5,DC6,-1.8564453125,-1.8564453125,0.6767578125,1.052734375,1.052734375,0.297119140625,0.0,0.0,0.0,-0.0,-0.0,-0.0,0.1666259765625,0.04339599609375,0.036529541015625,0.03424072265625,6.44921875,0.0205535888671875
1717772703,886421612,,DC1,DC2,DC3,DC4,DC5,DC6,-1.375,-1.375,0.7314453125,1.1669921875,1.06640625,0.42919921875,0.0,0.0,0.0,-0.0,-0.0,-0.0,0.1461181640625,0.038818359375,0.041107177734375,0.045654296875,6.4375,0.02740478515625
1717772703,936514723,,DC1,DC2,DC3,DC4,DC5,DC6,-1.2880859375,-1.2880859375,0.73876953125,1.0244140625,1.0244140625,0.36083984375,0.0,0.0,0.0,-0.0,-0.0,-0.0,0.143798828125,0.038818359375,0.036529541015625,0.03424072265625,6.47265625,0.01141357421875
1717772703,986590359,,DC1,DC2,DC3,DC4,DC5,DC6,-1.533203125,-1.533203125,0.81005859375,1.1396484375,1.1396484375,0.32958984375,0.0,0.0,0.0,-0.0,-0.0,-0.0,0.1484375,0.03424072265625,0.036529541015625,0.036529541015625,6.47265625,0.01141357421875
1717772704,36483020,,DC1,DC2,DC3,DC4,DC5,DC6,-1.5751953125,-1.236328125,0.837890625,1.15234375,1.15234375,0.34228515625,0.0,0.0,0.0,-0.0,-0.0,-0.0,0.1416015625,0.0548095703125,0.031951904296875,0.038818359375,6.4453125,0.01141357421875
1717772704,86305493,,DC1,DC2,DC3,DC4,DC5,DC6,-1.3916015625,-1.3916015625,0.7275390625,0.98193359375,0.9599609375,0.252685546875,0.0,0.0,0.0,-0.0,-0.0,-0.0,0.143798828125,0.0548095703125,0.036529541015625,0.031951904296875,6.453125,0.0182647705078125
1717772704,136414302,,DC1,DC2,DC3,DC4,DC5,DC6,-1.4189453125,-1.4189453125,0.7607421875,1.2119140625,1.2119140625,0.403076171875,0.0,0.0,0.0,-0.0,-0.0,-0.0,0.143798828125,0.05023193359375,0.03424072265625,0.038818359375,6.453125,0.0159759521484375
1717772704,186545873,,DC1,DC2,DC3,DC4,DC5,DC6,-1.4384765625,-1.4384765625,0.418212890625,1.1337890625,1.1337890625,0.277099609375,0.0,0.0,0.0,-0.0,-0.0,-0.0,0.1461181640625,0.059356689453125,0.047943115234375,0.03424072265625,6.4375,0.01141357421875
1717772704,236301016,,DC1,DC2,DC3,DC4,DC5,DC6,-1.6005859375,-1.6005859375,0.7392578125,1.0986328125,1.0986328125,0.436767578125,0.0,0.0,0.0,-0.0,-0.0,-0.0,0.143798828125,0.04339599609375,0.05023193359375,0.041107177734375,6.44921875,0.0205535888671875
1717772704,286398295,,DC1,DC2,DC3,DC4,DC5,DC6,-1.240234375,-1.240234375,0.76904296875,1.0888671875,1.0634765625,0.3330078125,0.0,0.0,0.0,-0.0,-0.0,-0.0,0.1484375,0.038818359375,0.045654296875,0.038818359375,6.4765625,0.025115966796875
1717772704,336439463,,DC1,DC2,DC3,DC4,DC5,DC6,-1.193359375,-1.193359375,0.60595703125,1.005859375,1.005859375,0.33984375,0.0,0.0,0.0,-0.0,-0.0,-0.0,0.1461181640625,0.05706787109375,0.047943115234375,0.031951904296875,6.4453125,0.0159759521484375
1717772704,386696222,,DC1,DC2,DC3,DC4,DC5,DC6,-1.841796875,-1.841796875,0.33837890625,1.111328125,1.111328125,0.381103515625,0.0,0.0,0.0,-0.0,-0.0,-0.0,0.1392822265625,0.045654296875,0.031951904296875,0.041107177734375,6.4453125,0.01141357421875
1717772704,437127621,,DC1,DC2,DC3,DC4,DC5,DC6,-1.9697265625,-1.9697265625,0.31982421875,1.0498046875,1.0498046875,0.2783203125,0.0,0.0,0.0,-0.0,-0.0,-0.0,0.1689453125,0.045654296875,0.038818359375,0.038818359375,6.44921875,0.013702392578125
1717772704,486451186,,DC1,DC2,DC3,DC4,DC5,DC6,-0.93212890625,-0.93212890625,1.0341796875,1.03125,1.09765625,0.3349609375,0.0,0.0,0.0,-0.0,-0.0,-0.0,0.143798828125,0.0684814453125,0.04339599609375,0.038818359375,6.44140625,0.0205535888671875
1717772704,536386013,,DC1,DC2,DC3,DC4,DC5,DC6,-1.27734375,-1.27734375,0.72119140625,1.0634765625,1.0634765625,0.348388671875,0.0,0.0,0.0,-0.0,-0.0,-0.0,0.136962890625,0.038818359375,0.0228271484375,0.038818359375,6.4375,0.0159759521484375
1717772704,586559295,,DC1,DC2,DC3,DC4,DC5,DC6,-1.4814453125,-1.4814453125,0.54931640625,1.205078125,1.205078125,0.4912109375,0.0,0.0,0.0,-0.0,-0.0,-0.0,0.1416015625,0.03424072265625,0.04339599609375,0.047943115234375,6.421875,0.013702392578125
1717772704,636419337,,DC1,DC2,DC3,DC4,DC5,DC6,-1.0888671875,-1.0888671875,0.448486328125,1.13671875,1.13671875,0.447021484375,0.0,0.0,0.0,-0.0,-0.0,-0.0,0.143798828125,0.041107177734375,0.031951904296875,0.036529541015625,6.46484375,0.013702392578125
1717772704,686449791,,DC1,DC2,DC3,DC4,DC5,DC6,-1.8515625,-1.8515625,0.2498779296875,0.99072265625,1.07421875,0.40576171875,0.0,0.0,0.0,-0.0,-0.0,-0.0,0.1416015625,0.041107177734375,0.04339599609375,0.03424072265625,6.4375,0.0182647705078125
1717772704,736402211,,DC1,DC2,DC3,DC4,DC5,DC6,-1.484375,-1.484375,0.64111328125,1.0498046875,1.0498046875,0.40576171875,0.0,0.0,0.0,-0.0,-0.0,-0.0,0.1507568359375,0.05023193359375,0.036529541015625,0.045654296875,6.47265625,0.01141357421875
1717772704,787188534,,DC1,DC2,DC3,DC4,DC5,DC6,-1.482421875,-1.482421875,0.82080078125,1.0703125,1.0703125,0.383544921875,0.0,0.0,0.0,-0.0,-0.0,-0.0,0.1507568359375,0.036529541015625,0.04339599609375,0.031951904296875,6.44921875,0.013702392578125
1717772704,836404084,,DC1,DC2,DC3,DC4,DC5,DC6,-1.341796875,-1.341796875,0.5751953125,1.0615234375,1.0615234375,0.394287109375,0.0,0.0,0.0,-0.0,-0.0,-0.0,0.143798828125,0.047943115234375,0.04339599609375,0.038818359375,6.47265625,0.0182647705078125
1717772704,886918135,,DC1,DC2,DC3,DC4,DC5,DC6,-0.90576171875,-0.90576171875,1.1005859375,0.9921875,1.0390625,0.351806640625,0.0,0.0,0.0,-0.0,-0.0,-0.0,0.136962890625,0.0296783447265625,0.038818359375,0.038818359375,6.421875,0.013702392578125
1717772704,936654707,,DC1,DC2,DC3,DC4,DC5,DC6,-1.7548828125,-1.7548828125,0.483154296875,0.9716796875,0.9716796875,0.28857421875,0.0,0.0,0.0,-0.0,-0.0,-0.0,0.1507568359375,0.031951904296875,0.041107177734375,0.059356689453125,6.4609375,0.00913238525390625
1717772704,987098319,,DC1,DC2,DC3,DC4,DC5,DC6,-1.1552734375,-1.1552734375,0.91748046875,1.060546875,1.060546875,0.31494140625,0.0,0.0,0.0,-0.0,-0.0,-0.0,0.1416015625,0.03424072265625,0.036529541015625,0.045654296875,6.4453125,0.004566192626953125
1717772705,36464484,,DC1,DC2,DC3,DC4,DC5,DC6,-1.5126953125,-1.6259765625,0.62646484375,1.0361328125,1.0361328125,0.404296875,0.0,0.0,0.0,-0.0,-0.0,-0.0,0.1461181640625,0.038818359375,0.041107177734375,0.047943115234375,6.42578125,0.01141357421875
1717772705,86552513,,DC1,DC2,DC3,DC4,DC5,DC6,-1.6142578125,-1.6142578125,0.63818359375,0.98974609375,1.1357421875,0.330810546875,0.0,0.0,0.0,-0.0,-0.0,-0.0,0.1392822265625,0.041107177734375,0.041107177734375,0.038818359375,6.4609375,0.013702392578125
1717772705,136544922,,DC1,DC2,DC3,DC4,DC5,DC6,-1.54296875,-1.54296875,0.52294921875,1.169921875,1.169921875,0.388671875,0.0,0.0,0.0,-0.0,-0.0,-0.0,0.136962890625,0.036529541015625,0.03424072265625,0.038818359375,6.48828125,0.01141357421875
1717772705,186602074,,DC1,DC2,DC3,DC4,DC5,DC6,-1.48046875,-1.48046875,0.927734375,1.037109375,1.037109375,0.42822265625,0.0,0.0,0.0,-0.0,-0.0,-0.0,0.1416015625,0.038818359375,0.041107177734375,0.038818359375,6.46875,0.00913238525390625
1717772705,236363779,,DC1,DC2,DC3,DC4,DC5,DC6,-1.4814453125,-1.4814453125,0.666015625,1.0146484375,1.0146484375,0.346923828125,0.0,0.0,0.0,-0.0,-0.0,-0.0,0.143798828125,0.0616455078125,0.036529541015625,0.031951904296875,6.4765625,0.01141357421875
1717772705,286619435,,DC1,DC2,DC3,DC4,DC5,DC6,-1.50390625,-1.50390625,0.60302734375,0.95166015625,1.0888671875,0.45654296875,0.0,0.0,0.0,-0.0,-0.0,-0.0,0.143798828125,0.03424072265625,0.04339599609375,0.052520751953125,6.42578125,0.0296783447265625
1717772705,336586046,,DC1,DC2,DC3,DC4,DC5,DC6,-1.8232421875,-1.8232421875,0.52783203125,1.048828125,1.048828125,0.398193359375,0.0,0.0,0.0,-0.0,-0.0,-0.0,0.1416015625,0.045654296875,0.031951904296875,0.038818359375,6.453125,0.0159759521484375
1717772705,386512306,,DC1,DC2,DC3,DC4,DC5,DC6,-1.361328125,-1.361328125,0.81103515625,1.21875,1.21875,0.50048828125,0.0,0.0,0.0,-0.0,-0.0,-0.0,0.1507568359375,0.04339599609375,0.036529541015625,0.05023193359375,6.43359375,0.013702392578125
1717772705,436404502,,DC1,DC2,DC3,DC4,DC5,DC6,-1.7294921875,-1.7294921875,0.6376953125,1.0732421875,1.0732421875,0.31787109375,0.0,0.0,0.0,-0.0,-0.0,-0.0,0.143798828125,0.031951904296875,0.038818359375,0.036529541015625,6.4609375,0.00913238525390625
1717772705,486455823,,DC1,DC2,DC3,DC4,DC5,DC6,-1.3994140625,-1.3994140625,0.619140625,1.125,1.0166015625,0.375244140625,0.0,0.0,0.0,-0.0,-0.0,-0.0,0.1392822265625,0.041107177734375,0.036529541015625,0.0296783447265625,6.4375,0.013702392578125
1717772705,536389934,,DC1,DC2,DC3,DC4,DC5,DC6,-1.5830078125,-1.5830078125,0.41357421875,0.953125,0.953125,0.307861328125,0.0,0.0,0.0,-0.0,-0.0,-0.0,0.1552734375,0.041107177734375,0.036529541015625,0.038818359375,6.42578125,0.013702392578125
1717772705,586597746,,DC1,DC2,DC3,DC4,DC5,DC6,-1.2421875,-1.2421875,1.029296875,1.1103515625,1.1103515625,0.281982421875,0.0,0.0,0.0,-0.0,-0.0,-0.0,0.143798828125,0.047943115234375,0.045654296875,0.036529541015625,6.4453125,0.013702392578125
1717772705,636531635,,DC1,DC2,DC3,DC4,DC5,DC6,-2.306640625,-2.306640625,0.440185546875,1.0830078125,1.0830078125,0.4560546875,0.0,0.0,0.0,-0.0,-0.0,-0.0,0.1416015625,0.045654296875,0.038818359375,0.041107177734375,6.4296875,0.0182647705078125
1717772705,686581128,,DC1,DC2,DC3,DC4,DC5,DC6,-1.03515625,-1.03515625,1.0732421875,0.9951171875,1.0615234375,0.324951171875,0.0,0.0,0.0,-0.0,-0.0,-0.0,0.1461181640625,0.041107177734375,0.04339599609375,0.047943115234375,6.44921875,0.0182647705078125
1717772705,736456306,,DC1,DC2,DC3,DC4,DC5,DC6,-1.1884765625,-1.1884765625,0.87890625,1.0322265625,1.0322265625,0.38330078125,0.0,0.0,0.0,-0.0,-0.0,-0.0,0.1392822265625,0.038818359375,0.041107177734375,0.038818359375,6.47265625,0.0182647705078125
1717772705,787192541,,DC1,DC2,DC3,DC4,DC5,DC6,-1.2939453125,-1.2939453125,0.904296875,1.0087890625,1.0087890625,0.330810546875,0.0,0.0,0.0,-0.0,-0.0,-0.0,0.143798828125,0.05023193359375,0.036529541015625,0.041107177734375,6.44140625,0.00913238525390625
1717772705,836524243,,DC1,DC2,DC3,DC4,DC5,DC6,-1.13671875,-1.13671875,0.9423828125,0.98486328125,0.98486328125,0.439453125,0.0,0.0,0.0,-0.0,-0.0,-0.0,0.1392822265625,0.041107177734375,0.03424072265625,0.041107177734375,6.48046875,0.00913238525390625
1717772705,886417822,,DC1,DC2,DC3,DC4,DC5,DC6,-1.6103515625,-1.6103515625,0.4443359375,1.1044921875,1.025390625,0.2861328125,0.0,0.0,0.0,-0.0,-0.0,-0.0,0.1416015625,0.04339599609375,0.045654296875,0.05023193359375,6.4609375,0.02740478515625
1717772705,936590044,,DC1,DC2,DC3,DC4,DC5,DC6,-1.6904296875,-1.6904296875,0.7939453125,1.2568359375,1.2568359375,0.49365234375,0.0,0.0,0.0,-0.0,-0.0,-0.0,0.1416015625,0.038818359375,0.045654296875,0.038818359375,6.44921875,0.01141357421875
1717772705,987297044,,DC1,DC2,DC3,DC4,DC5,DC6,-1.5869140625,-1.5869140625,0.423095703125,0.8974609375,0.8974609375,0.281982421875,0.0,0.0,0.0,-0.0,-0.0,-0.0,0.1461181640625,0.038818359375,0.041107177734375,0.041107177734375,6.44921875,0.00913238525390625
1717772706,36564738,,DC1,DC2,DC3,DC4,DC5,DC6,-0.9404296875,-1.3681640625,0.8486328125,1.0068359375,1.0068359375,0.3251953125,0.0,0.0,0.0,-0.0,-0.0,-0.0,0.143798828125,0.038818359375,0.038818359375,0.04339599609375,6.4609375,0.0228271484375
1717772706,86367727,,DC1,DC2,DC3,DC4,DC5,DC6,-1.6259765625,-1.6259765625,0.62890625,1.1123046875,1.240234375,0.5693359375,0.0,0.0,0.0,-0.0,-0.0,-0.0,0.1461181640625,0.052520751953125,0.03424072265625,0.036529541015625,6.46484375,0.00913238525390625
1717772706,136319619,,DC1,DC2,DC3,DC4,DC5,DC6,-1.53125,-1.53125,0.63232421875,1.005859375,1.005859375,0.322998046875,0.0,0.0,0.0,-0.0,-0.0,-0.0,0.136962890625,0.038818359375,0.03424072265625,0.041107177734375,6.4609375,0.013702392578125
1717772706,186375334,,DC1,DC2,DC3,DC4,DC5,DC6,-1.107421875,-1.107421875,0.85595703125,0.9697265625,0.9697265625,0.343994140625,0.0,0.0,0.0,-0.0,-0.0,-0.0,0.1507568359375,0.04339599609375,0.02740478515625,0.03424072265625,6.46875,0.013702392578125
1717772706,236506013,,DC1,DC2,DC3,DC4,DC5,DC6,-1.619140625,-1.619140625,0.68017578125,1.1630859375,1.1630859375,0.39599609375,0.0,0.0,0.0,-0.0,-0.0,-0.0,0.143798828125,0.031951904296875,0.03424072265625,0.038818359375,6.453125,0.01141357421875
1717772706,286697185,,DC1,DC2,DC3,DC4,DC5,DC6,-1.3896484375,-1.3896484375,0.7666015625,1.078125,1.146484375,0.430419921875,0.0,0.0,0.0,-0.0,-0.0,-0.0,0.143798828125,0.03424072265625,0.036529541015625,0.045654296875,6.48046875,0.013702392578125
A message was lost!!!
	total count change:1
	total count: 1---
1717772706,386629284,,DC1,DC2,DC3,DC4,DC5,DC6,-1.4140625,-1.4140625,0.7529296875,1.212890625,1.212890625,0.493408203125,0.0,0.0,0.0,-0.0,-0.0,-0.0,0.1392822265625,0.036529541015625,0.045654296875,0.038818359375,6.4375,0.0205535888671875
1717772706,436261821,,DC1,DC2,DC3,DC4,DC5,DC6,-0.90380859375,-0.90380859375,0.81494140625,1.08203125,1.08203125,0.52783203125,0.0,0.0,0.0,-0.0,-0.0,-0.0,0.1392822265625,0.045654296875,0.041107177734375,0.041107177734375,6.4375,0.01141357421875
1717772706,486309198,,DC1,DC2,DC3,DC4,DC5,DC6,-1.6279296875,-1.6279296875,0.484375,1.017578125,1.0322265625,0.290771484375,0.0,0.0,0.0,-0.0,-0.0,-0.0,0.1278076171875,0.036529541015625,0.04339599609375,0.036529541015625,6.4609375,0.04339599609375
1717772706,536532962,,DC1,DC2,DC3,DC4,DC5,DC6,-1.1484375,-1.1484375,0.87744140625,1.0859375,1.0859375,0.433349609375,0.0,0.0,0.0,-0.0,-0.0,-0.0,0.1416015625,0.038818359375,0.041107177734375,0.036529541015625,6.484375,0.01141357421875
1717772706,586511215,,DC1,DC2,DC3,DC4,DC5,DC6,-1.8056640625,-1.8056640625,0.351806640625,1.0986328125,1.0986328125,0.4404296875,0.0,0.0,0.0,-0.0,-0.0,-0.0,0.136962890625,0.031951904296875,0.047943115234375,0.038818359375,6.4609375,0.0068511962890625
1717772706,636907223,,DC1,DC2,DC3,DC4,DC5,DC6,-1.552734375,-1.552734375,0.5244140625,1.015625,1.015625,0.36181640625,0.0,0.0,0.0,-0.0,-0.0,-0.0,0.1416015625,0.038818359375,0.036529541015625,0.04339599609375,6.4296875,0.013702392578125
1717772706,686582760,,DC1,DC2,DC3,DC4,DC5,DC6,-1.578125,-1.578125,0.60546875,1.109375,1.0556640625,0.419921875,0.0,0.0,0.0,-0.0,-0.0,-0.0,0.1392822265625,0.041107177734375,0.031951904296875,0.04339599609375,6.43359375,0.025115966796875
1717772706,736486059,,DC1,DC2,DC3,DC4,DC5,DC6,-1.8134765625,-1.8134765625,0.39990234375,1.013671875,1.013671875,0.299072265625,0.0,0.0,0.0,-0.0,-0.0,-0.0,0.1507568359375,0.038818359375,0.03424072265625,0.05023193359375,6.4375,0.0068511962890625
1717772706,786506447,,DC1,DC2,DC3,DC4,DC5,DC6,-2.19140625,-2.19140625,0.05816650390625,1.080078125,1.080078125,0.36376953125,0.0,0.0,0.0,-0.0,-0.0,-0.0,0.1416015625,0.036529541015625,0.045654296875,0.045654296875,6.44140625,0.0182647705078125
1717772706,836398214,,DC1,DC2,DC3,DC4,DC5,DC6,-1.5390625,-1.5390625,0.7373046875,1.0615234375,1.0615234375,0.3994140625,0.0,0.0,0.0,-0.0,-0.0,-0.0,0.1416015625,0.045654296875,0.038818359375,0.036529541015625,6.4453125,0.0182647705078125
1717772706,886395181,,DC1,DC2,DC3,DC4,DC5,DC6,-1.376953125,-1.376953125,0.8544921875,1.2099609375,1.23828125,0.3603515625,0.0,0.0,0.0,-0.0,-0.0,-0.0,0.143798828125,0.04339599609375,0.04339599609375,0.041107177734375,6.46484375,0.013702392578125
1717772706,936555280,,DC1,DC2,DC3,DC4,DC5,DC6,-1.6123046875,-1.6123046875,0.9404296875,1.173828125,1.173828125,0.4912109375,0.0,0.0,0.0,-0.0,-0.0,-0.0,0.1392822265625,0.038818359375,0.038818359375,0.038818359375,6.43359375,0.0159759521484375
1717772706,986611925,,DC1,DC2,DC3,DC4,DC5,DC6,-1.2001953125,-1.2001953125,0.67431640625,1.0185546875,1.0185546875,0.37353515625,0.0,0.0,0.0,-0.0,-0.0,-0.0,0.1416015625,0.036529541015625,0.04339599609375,0.036529541015625,6.4609375,0.025115966796875
1717772707,36431186,,DC1,DC2,DC3,DC4,DC5,DC6,-1.4716796875,-1.4716796875,0.55419921875,0.9658203125,0.9658203125,0.319580078125,0.0,0.0,0.0,-0.0,-0.0,-0.0,0.1416015625,0.038818359375,0.045654296875,0.036529541015625,6.45703125,0.0159759521484375
1717772707,86490782,,DC1,DC2,DC3,DC4,DC5,DC6,-1.486328125,-1.486328125,0.30029296875,1.0634765625,1.0185546875,0.36083984375,0.0,0.0,0.0,-0.0,-0.0,-0.0,0.1416015625,0.04339599609375,0.03424072265625,0.025115966796875,6.44921875,0.0159759521484375
1717772707,136419684,,DC1,DC2,DC3,DC4,DC5,DC6,-1.5166015625,-1.5166015625,0.3310546875,1.1572265625,1.1572265625,-0.1317138671875,0.0,0.0,0.0,-0.0279388427734375,-0.0,-0.0,0.285400390625,0.05706787109375,0.0548095703125,0.031951904296875,11.15625,0.0296783447265625
1717772707,186456578,,DC1,DC2,DC3,DC4,DC5,DC6,-1.4921875,-1.4921875,0.345947265625,1.0302734375,1.0302734375,-0.13134765625,0.0,0.0,0.0,-0.0223541259765625,-0.0,-0.0,0.37890625,0.08905029296875,0.059356689453125,0.0548095703125,10.5078125,0.0228271484375
1717772707,236272205,,DC1,DC2,DC3,DC4,DC5,DC6,-1.490234375,-1.490234375,0.328125,0.88720703125,0.88720703125,-0.0704345703125,0.0244293212890625,0.0631103515625,0.0,-0.03656005859375,-0.0310821533203125,-0.0226898193359375,0.51611328125,0.7763671875,0.1324462890625,0.116455078125,11.3125,0.025115966796875
1717772707,286457950,,DC1,DC2,DC3,DC4,DC5,DC6,-1.2783203125,-1.2783203125,0.271240234375,0.89306640625,0.94384765625,-0.15869140625,0.0777587890625,0.09625244140625,0.033538818359375,-0.11785888671875,-0.07025146484375,-0.042755126953125,0.55712890625,1.244140625,0.890625,0.04339599609375,11.703125,0.059356689453125
1717772707,336411862,,DC1,DC2,DC3,DC4,DC5,DC6,-1.3046875,-1.3046875,-0.04058837890625,1.001953125,1.001953125,-0.0171051025390625,0.11260986328125,0.126953125,0.06268310546875,-0.14599609375,-0.1409912109375,-0.11114501953125,0.52978515625,1.029296875,0.228271484375,0.05706787109375,10.8359375,0.1597900390625
1717772707,386621405,,DC1,DC2,DC3,DC4,DC5,DC6,-0.69873046875,-0.69873046875,-0.1185302734375,0.91748046875,0.91748046875,0.057037353515625,0.12017822265625,0.14306640625,0.08984375,-0.156982421875,-0.15478515625,-0.1258544921875,0.42919921875,0.60498046875,0.322021484375,0.052520751953125,10.703125,0.025115966796875
1717772707,436349818,,DC1,DC2,DC3,DC4,DC5,DC6,-1.9462890625,-1.9462890625,-0.919921875,0.884765625,0.884765625,0.1812744140625,0.1640625,0.177490234375,0.1142578125,-0.1739501953125,-0.1610107421875,-0.147216796875,0.80615234375,0.7236328125,0.495361328125,0.045654296875,11.25,0.07763671875
1717772707,486509344,,DC1,DC2,DC3,DC4,DC5,DC6,-1.7041015625,-1.7041015625,-0.10565185546875,1.30859375,0.81591796875,0.474853515625,0.1904296875,0.210205078125,0.165283203125,-0.22314453125,-0.183837890625,-0.1754150390625,0.64404296875,1.6005859375,0.54345703125,0.05706787109375,10.4375,0.296875
1717772707,536414236,,DC1,DC2,DC3,DC4,DC5,DC6,-1.771484375,-1.771484375,0.25390625,1.3173828125,1.3173828125,0.56396484375,0.208984375,0.23681640625,0.1776123046875,-0.247314453125,-0.25146484375,-0.217041015625,0.63720703125,1.1982421875,0.580078125,0.0616455078125,12.4765625,0.07537841796875
1717772707,586443841,,DC1,DC2,DC3,DC4,DC5,DC6,-1.7373046875,-1.7373046875,-0.422119140625,1.376953125,1.376953125,0.52392578125,0.2247314453125,0.246826171875,0.1929931640625,-0.26171875,-0.263916015625,-0.22998046875,0.58447265625,0.99560546875,0.703125,0.045654296875,9.9765625,0.285400390625
1717772707,636354848,,DC1,DC2,DC3,DC4,DC5,DC6,-1.9111328125,-1.9111328125,-0.8388671875,1.435546875,1.435546875,0.21142578125,0.27490234375,0.27880859375,0.24462890625,-0.27490234375,-0.2646484375,-0.253173828125,1.109375,1.1123046875,0.728515625,0.1072998046875,11.015625,0.36083984375
1717772707,686339990,,DC1,DC2,DC3,DC4,DC5,DC6,-1.9619140625,-1.9619140625,-0.70361328125,1.4287109375,1.6552734375,0.77392578125,0.296142578125,0.30810546875,0.2685546875,-0.3203125,-0.284912109375,-0.28173828125,0.5615234375,0.76513671875,0.399658203125,0.059356689453125,10.609375,0.1849365234375
1717772707,736444482,,DC1,DC2,DC3,DC4,DC5,DC6,-2.455078125,-2.455078125,-1.2705078125,1.2099609375,1.2099609375,0.431884765625,0.311279296875,0.32666015625,0.279296875,-0.345947265625,-0.341552734375,-0.31103515625,0.65087890625,0.7763671875,0.2054443359375,0.0867919921875,10.796875,0.271728515625
1717772707,786567847,,DC1,DC2,DC3,DC4,DC5,DC6,-1.8427734375,-1.8427734375,-0.8486328125,1.4814453125,1.4814453125,0.447021484375,0.3212890625,0.33203125,0.28955078125,-0.352783203125,-0.348876953125,-0.3193359375,0.76513671875,1.1396484375,0.35400390625,0.05706787109375,10.875,0.109619140625
1717772707,836378916,,DC1,DC2,DC3,DC4,DC5,DC6,-1.6748046875,-1.6748046875,-0.783203125,1.54296875,1.54296875,0.44189453125,0.356201171875,0.36181640625,0.31494140625,-0.362548828125,-0.3515625,-0.341552734375,0.92724609375,0.8720703125,0.79931640625,0.047943115234375,12.234375,0.041107177734375
1717772707,886525378,,DC1,DC2,DC3,DC4,DC5,DC6,-1.6279296875,-1.6279296875,-0.55322265625,1.423828125,1.5009765625,0.5458984375,0.378662109375,0.38330078125,0.354736328125,-0.41064453125,-0.372802734375,-0.368896484375,0.98193359375,1.2470703125,0.5546875,0.255615234375,11.3046875,0.1416015625
1717772707,936423705,,DC1,DC2,DC3,DC4,DC5,DC6,-1.8984375,-1.8984375,-0.75244140625,1.4462890625,1.4462890625,0.56787109375,0.397216796875,0.400390625,0.363525390625,-0.429443359375,-0.433349609375,-0.392333984375,0.9453125,0.89501953125,0.349365234375,0.05706787109375,11.890625,0.036529541015625
1717772707,986495991,,DC1,DC2,DC3,DC4,DC5,DC6,-1.6279296875,-1.6279296875,-0.55322265625,1.5400390625,1.5400390625,0.88525390625,0.4013671875,0.402587890625,0.3740234375,-0.429931640625,-0.435546875,-0.398681640625,0.89501953125,1.0595703125,0.2763671875,0.05023193359375,11.703125,0.1416015625
1717772708,36454031,,DC1,DC2,DC3,DC4,DC5,DC6,-1.5390625,-1.5390625,-0.43115234375,1.4228515625,1.4228515625,0.6279296875,0.427734375,0.43212890625,0.39306640625,-0.4365234375,-0.423095703125,-0.418212890625,1.3017578125,1.119140625,0.3310546875,0.0548095703125,11.546875,0.045654296875
1717772708,86385095,,DC1,DC2,DC3,DC4,DC5,DC6,-1.8740234375,-1.8740234375,-0.85107421875,1.6259765625,1.583984375,0.607421875,0.448486328125,0.451171875,0.427001953125,-0.478759765625,-0.4375,-0.439697265625,1.5712890625,1.3857421875,0.26953125,0.1484375,11.890625,0.116455078125
1717772708,136477777,,DC1,DC2,DC3,DC4,DC5,DC6,-1.4013671875,-1.4013671875,-0.412109375,1.423828125,1.423828125,0.896484375,0.46337890625,0.46435546875,0.43505859375,-0.4931640625,-0.489501953125,-0.4580078125,1.271484375,0.8974609375,0.1849365234375,0.1461181640625,11.7578125,0.09130859375
1717772708,186508374,,DC1,DC2,DC3,DC4,DC5,DC6,-1.8193359375,-1.8193359375,-0.7373046875,1.46484375,1.46484375,0.802734375,0.46875,0.468017578125,0.44482421875,-0.494873046875,-0.490234375,-0.46728515625,1.1875,0.96337890625,0.568359375,0.05706787109375,10.125,0.308349609375
1717772708,236311657,,DC1,DC2,DC3,DC4,DC5,DC6,-2.009765625,-2.009765625,-0.84716796875,1.4326171875,1.4326171875,0.9111328125,0.490966796875,0.490966796875,0.460205078125,-0.498779296875,-0.4853515625,-0.48388671875,1.9501953125,1.7080078125,0.82177734375,0.09130859375,11.828125,0.130126953125
1717772708,286424305,,DC1,DC2,DC3,DC4,DC5,DC6,-1.8779296875,-1.8779296875,-0.8837890625,1.4306640625,1.228515625,0.6162109375,0.509765625,0.5078125,0.488525390625,-0.53759765625,-0.5146484375,-0.49755859375,1.609375,0.904296875,0.39501953125,0.1461181640625,12.625,0.130126953125
1717772708,336407140,,DC1,DC2,DC3,DC4,DC5,DC6,-1.8994140625,-1.8994140625,-0.7705078125,1.3330078125,1.3330078125,0.47900390625,0.52294921875,0.521484375,0.497314453125,-0.55126953125,-0.53515625,-0.51904296875,1.0322265625,1.1435546875,0.189453125,0.045654296875,10.875,0.3173828125
1717772708,386495624,,DC1,DC2,DC3,DC4,DC5,DC6,-1.5205078125,-1.5205078125,-0.484130859375,1.5517578125,1.5517578125,0.787109375,0.52490234375,0.5244140625,0.50439453125,-0.54296875,-0.53076171875,-0.5244140625,0.91552734375,0.9521484375,0.12103271484375,0.1529541015625,11.1875,0.0182647705078125
1717772708,437195375,,DC1,DC2,DC3,DC4,DC5,DC6,-1.662109375,-1.662109375,-1.09375,1.349609375,1.349609375,0.7021484375,0.54443359375,0.5419921875,0.515625,-0.546875,-0.5498046875,-0.53662109375,1.40234375,0.71923828125,0.5615234375,0.3310546875,11.5234375,0.038818359375
1717772708,486350618,,DC1,DC2,DC3,DC4,DC5,DC6,-1.9609375,-1.9609375,-0.84619140625,1.4970703125,1.5537109375,0.5439453125,0.55859375,0.55712890625,0.53857421875,-0.57470703125,-0.59912109375,-0.548828125,1.32421875,1.2421875,0.3037109375,0.04339599609375,9.96875,0.39501953125
1717772708,536621426,,DC1,DC2,DC3,DC4,DC5,DC6,-1.6298828125,-1.6298828125,-0.50634765625,1.4052734375,1.4052734375,0.148193359375,0.56787109375,0.5673828125,0.54541015625,-0.576171875,-0.5537109375,-0.56591796875,1.515625,1.7421875,0.180419921875,0.07537841796875,12.2421875,0.08221435546875
1717772708,586576850,,DC1,DC2,DC3,DC4,DC5,DC6,-1.595703125,-1.595703125,-0.6259765625,1.5810546875,1.5810546875,0.95751953125,0.5693359375,0.568359375,0.55078125,-0.5908203125,-0.6298828125,-0.568359375,0.99755859375,1.1943359375,0.61181640625,0.486328125,10.03125,0.363037109375
1717772708,636319570,,DC1,DC2,DC3,DC4,DC5,DC6,-1.8720703125,-1.8720703125,-0.896484375,1.4130859375,1.4130859375,0.83837890625,0.58837890625,0.580078125,0.56005859375,-0.59619140625,-0.62255859375,-0.57861328125,1.080078125,1.0478515625,0.552734375,0.052520751953125,11.0078125,0.23974609375
1717772708,686361739,,DC1,DC2,DC3,DC4,DC5,DC6,-1.9296875,-1.9296875,-0.69384765625,1.615234375,1.3173828125,0.251953125,0.60009765625,0.58447265625,0.57958984375,-0.6181640625,-0.58056640625,-0.59326171875,1.5205078125,0.8515625,0.8447265625,0.2442626953125,10.9375,0.271728515625
1717772708,736503094,,DC1,DC2,DC3,DC4,DC5,DC6,-2.046875,-2.046875,-0.56494140625,1.40234375,1.40234375,0.62841796875,0.6103515625,0.63427734375,0.58544921875,-0.623046875,-0.64453125,-0.60888671875,2.0859375,1.6533203125,0.701171875,0.052520751953125,10.40625,0.376708984375
1717772708,787031274,,DC1,DC2,DC3,DC4,DC5,DC6,-1.8046875,-1.8046875,-0.65185546875,1.443359375,1.443359375,0.339599609375,0.60595703125,0.62353515625,0.5908203125,-0.61474609375,-0.603515625,-0.61083984375,0.21923828125,0.86767578125,0.1917724609375,0.06390380859375,12.28125,0.05706787109375
1717772708,836441290,,DC1,DC2,DC3,DC4,DC5,DC6,-1.4541015625,-1.4541015625,-0.63623046875,1.5048828125,1.5048828125,0.3017578125,0.6259765625,0.6416015625,0.59521484375,-0.62109375,-0.61572265625,-0.6142578125,1.9365234375,1.1259765625,0.84033203125,0.1507568359375,10.71875,0.42236328125
1717772708,886999252,,DC1,DC2,DC3,DC4,DC5,DC6,-1.76953125,-1.76953125,-0.00394439697265625,1.4921875,1.453125,0.298828125,0.62255859375,0.63623046875,0.61376953125,-0.6416015625,-0.615234375,-0.6240234375,0.37890625,1.0576171875,0.340087890625,0.2237548828125,11.046875,0.385986328125
1717772708,936510174,,DC1,DC2,DC3,DC4,DC5,DC6,-1.8359375,-1.8359375,-0.248046875,1.5810546875,1.5810546875,-0.30322265625,0.63525390625,0.61181640625,0.62109375,-0.64111328125,-0.6298828125,-0.63427734375,0.90869140625,1.4365234375,0.271728515625,0.0548095703125,9.96875,0.43603515625
1717772708,986489890,,DC1,DC2,DC3,DC4,DC5,DC6,-1.8173828125,-1.8173828125,-0.2548828125,1.458984375,1.458984375,-0.4599609375,0.6455078125,0.64892578125,0.6220703125,-0.63671875,-0.59033203125,-0.6298828125,1.513671875,0.7509765625,0.5732421875,0.36083984375,12.34375,0.116455078125
1717772709,36451596,,DC1,DC2,DC3,DC4,DC5,DC6,-2.03125,-2.03125,-0.180908203125,1.34765625,1.34765625,-0.3564453125,0.6396484375,0.62890625,0.626953125,-0.6787109375,-0.703125,-0.63330078125,0.495361328125,1.3515625,0.689453125,0.40869140625,10.7578125,0.477294921875
1717772709,86305390,,DC1,DC2,DC3,DC4,DC5,DC6,-1.5947265625,-1.5947265625,0.11651611328125,1.36328125,1.5263671875,-0.658203125,0.6650390625,0.65625,0.64501953125,-0.64599609375,-0.6591796875,-0.65234375,1.107421875,1.283203125,0.447509765625,0.1278076171875,12.09375,0.363037109375
1717772709,136610590,,DC1,DC2,DC3,DC4,DC5,DC6,-1.6796875,-1.6796875,-0.57470703125,1.3408203125,1.3408203125,-0.11029052734375,0.6611328125,0.66162109375,0.64892578125,-0.68603515625,-0.7158203125,-0.6396484375,1.0048828125,0.6279296875,0.3173828125,0.56396484375,11.0859375,0.40869140625
1717772709,186453668,,DC1,DC2,DC3,DC4,DC5,DC6,-1.93359375,-1.93359375,-0.31640625,1.4482421875,1.4482421875,-0.09033203125,0.64794921875,0.65283203125,0.64794921875,-0.669921875,-0.6552734375,-0.64208984375,0.43603515625,0.65087890625,0.468017578125,0.031951904296875,11.9765625,0.11187744140625
1717772709,236453839,,DC1,DC2,DC3,DC4,DC5,DC6,-1.3935546875,-1.3935546875,-0.1610107421875,1.5400390625,1.5400390625,-0.13671875,0.6787109375,0.71826171875,0.65380859375,-0.6533203125,-0.63818359375,-0.7060546875,1.1826171875,1.9541015625,0.4658203125,0.251220703125,10.2578125,0.305908203125
1717772709,286338378,,DC1,DC2,DC3,DC4,DC5,DC6,-1.62109375,-1.62109375,0.6005859375,1.5830078125,1.3642578125,-0.3193359375,0.6650390625,0.68798828125,0.67138671875,-0.68408203125,-0.78466796875,-0.68115234375,0.1781005859375,0.8037109375,0.95654296875,0.047943115234375,10.8359375,0.09130859375
1717772709,336400662,,DC1,DC2,DC3,DC4,DC5,DC6,-1.7568359375,-1.7568359375,0.57861328125,1.3671875,1.3671875,-0.062225341796875,0.66552734375,0.6357421875,0.66650390625,-0.6640625,-0.5927734375,-0.6640625,0.65771484375,0.99755859375,0.63916015625,0.038818359375,11.3828125,0.0548095703125
1717772709,386445488,,DC1,DC2,DC3,DC4,DC5,DC6,-1.6904296875,-1.6904296875,-0.0206451416015625,1.5185546875,1.5185546875,-0.38330078125,0.68359375,0.67236328125,0.6669921875,-0.6923828125,-0.65478515625,-0.70947265625,1.298828125,1.1875,1.10546875,1.1259765625,10.21875,0.5458984375
1717772709,436357070,,DC1,DC2,DC3,DC4,DC5,DC6,-1.5234375,-1.5234375,0.482177734375,1.40234375,1.40234375,-0.322998046875,0.6728515625,0.6689453125,0.69091796875,-0.6982421875,-0.83203125,-0.69189453125,0.162109375,1.7578125,0.53662109375,0.05023193359375,11.5,0.06622314453125
1717772709,486543862,,DC1,DC2,DC3,DC4,DC5,DC6,-1.8076171875,-1.8076171875,-0.2061767578125,1.4716796875,1.4365234375,-0.1888427734375,0.68701171875,0.62255859375,0.67236328125,-0.6943359375,-0.77197265625,-0.65966796875,1.0615234375,1.1435546875,0.89501953125,0.047943115234375,11.359375,0.038818359375
1717772709,536457513,,DC1,DC2,DC3,DC4,DC5,DC6,-1.4501953125,-1.4501953125,0.00250244140625,1.318359375,1.318359375,-0.033203125,0.7001953125,0.7001953125,0.68212890625,-0.6748046875,-0.6513671875,-0.701171875,2.37890625,1.32421875,1.4541015625,0.75341796875,10.0703125,0.454345703125
1717772709,587038176,,DC1,DC2,DC3,DC4,DC5,DC6,-1.1611328125,-1.1611328125,1.154296875,1.373046875,1.373046875,-0.126953125,0.68359375,0.7666015625,0.69287109375,-0.7158203125,-0.87353515625,-0.68310546875,0.3310546875,0.90869140625,0.76513671875,0.07763671875,11.171875,0.470458984375
1717772709,636505473,,DC1,DC2,DC3,DC4,DC5,DC6,-1.837890625,-1.837890625,0.380859375,1.6015625,1.6015625,-0.29541015625,0.69873046875,0.6103515625,0.6865234375,-0.71240234375,-0.787109375,-0.68115234375,0.7763671875,1.1416015625,0.56396484375,0.052520751953125,11.1953125,0.385986328125
1717772709,686632460,,DC1,DC2,DC3,DC4,DC5,DC6,-1.5947265625,-1.5947265625,0.270751953125,1.3642578125,1.3642578125,-0.06280517578125,0.70849609375,0.6806640625,0.69921875,-0.7001953125,-0.79541015625,-0.708984375,1.755859375,0.98876953125,1.228515625,1.51171875,12.4765625,0.57763671875
1717772709,736461421,,DC1,DC2,DC3,DC4,DC5,DC6,-1.6396484375,-1.6396484375,0.202392578125,1.5029296875,1.5029296875,-0.054901123046875,0.69287109375,0.7734375,0.7138671875,-0.7060546875,-0.7275390625,-0.67138671875,0.67138671875,1.7421875,0.849609375,0.05023193359375,12.2265625,0.0616455078125
1717772709,786478314,,DC1,DC2,DC3,DC4,DC5,DC6,-1.6025390625,-1.6025390625,0.289306640625,1.3994140625,1.3994140625,-0.42041015625,0.68896484375,0.72314453125,0.68212890625,-0.71435546875,-0.62255859375,-0.693359375,0.1712646484375,1.17578125,0.7578125,0.047943115234375,11.859375,0.1529541015625
1717772709,836404165,,DC1,DC2,DC3,DC4,DC5,DC6,-1.4794921875,-1.4794921875,-0.26708984375,1.5126953125,1.5126953125,-0.1861572265625,0.71044921875,0.68505859375,0.68798828125,-0.7060546875,-0.70556640625,-0.72607421875,2.0078125,1.55078125,1.4912109375,0.94775390625,11.125,0.58447265625
1717772709,886480750,,DC1,DC2,DC3,DC4,DC5,DC6,-1.4375,-1.4375,0.5625,1.494140625,1.7021484375,0.1956787109375,0.69921875,0.77978515625,0.708984375,-0.7177734375,-0.86962890625,-0.71875,0.7578125,1.294921875,0.76513671875,0.05023193359375,12.1015625,0.08221435546875
1717772709,936381942,,DC1,DC2,DC3,DC4,DC5,DC6,-1.9033203125,-1.9033203125,-0.576171875,1.4775390625,1.4775390625,-0.46923828125,0.70654296875,0.7314453125,0.69873046875,-0.7080078125,-0.63916015625,-0.69921875,0.162109375,0.904296875,1.001953125,0.038818359375,11.0703125,0.63720703125
1717772709,986564143,,DC1,DC2,DC3,DC4,DC5,DC6,-1.4375,-1.4375,-0.33740234375,1.404296875,1.404296875,-0.312255859375,0.72265625,0.62548828125,0.703125,-0.6875,-0.62841796875,-0.71435546875,0.77392578125,1.5732421875,1.3974609375,0.55712890625,12.015625,0.038818359375
1717772710,36375474,,DC1,DC2,DC3,DC4,DC5,DC6,-1.5732421875,-1.5732421875,0.09185791015625,1.5380859375,1.5380859375,-0.3662109375,0.69140625,0.76806640625,0.70654296875,-0.72900390625,-0.80908203125,-0.72314453125,0.81298828125,1.6162109375,1.650390625,0.91796875,11.2890625,0.047943115234375
1717772710,86590748,,DC1,DC2,DC3,DC4,DC5,DC6,-1.7724609375,-1.7724609375,0.061981201171875,1.560546875,1.5263671875,0.045318603515625,0.71875,0.7060546875,0.7216796875,-0.7060546875,-0.75732421875,-0.708984375,0.1597900390625,1.5048828125,0.8447265625,0.045654296875,12.3203125,0.059356689453125
1717772710,136427185,,DC1,DC2,DC3,DC4,DC5,DC6,-1.8369140625,-1.8369140625,-0.423583984375,1.4404296875,1.4404296875,-0.2198486328125,0.7421875,0.66845703125,0.7265625,-0.7216796875,-0.66796875,-0.732421875,1.375,1.51171875,1.068359375,0.8037109375,11.359375,0.42236328125
1717772710,186665672,,DC1,DC2,DC3,DC4,DC5,DC6,-1.3447265625,-1.3447265625,0.193603515625,1.51953125,1.51953125,-0.2457275390625,0.70947265625,0.7294921875,0.70263671875,-0.80712890625,-0.8759765625,-0.7451171875,1.513671875,0.890625,1.0087890625,0.06622314453125,11.59375,0.038818359375
1717772710,236442962,,DC1,DC2,DC3,DC4,DC5,DC6,-1.591796875,-1.591796875,0.199462890625,1.8544921875,1.8544921875,-0.032928466796875,0.7177734375,0.72119140625,0.701171875,-0.716796875,-0.80419921875,-0.70556640625,0.1484375,2.15234375,1.501953125,0.031951904296875,6.32421875,0.255615234375
1717772710,286492132,,DC1,DC2,DC3,DC4,DC5,DC6,-1.1650390625,-1.1650390625,0.443115234375,1.4287109375,1.7607421875,0.2059326171875,0.7392578125,0.64111328125,0.734375,-0.72998046875,-0.64306640625,-0.70947265625,1.052734375,1.458984375,1.123046875,1.1259765625,10.75,0.4384765625
1717772710,336499010,,DC1,DC2,DC3,DC4,DC5,DC6,-1.5244140625,-1.5244140625,0.068115234375,1.4609375,1.4609375,-0.455078125,0.72021484375,0.71240234375,0.70556640625,-0.765625,-0.837890625,-0.716796875,2.052734375,1.83984375,0.84716796875,1.1943359375,12.2734375,0.1849365234375
1717772710,386963494,,DC1,DC2,DC3,DC4,DC5,DC6,-1.2412109375,-1.2412109375,0.51220703125,1.7158203125,1.7158203125,-0.35888671875,0.70458984375,0.8154296875,0.69970703125,-0.73046875,-0.82373046875,-0.71533203125,0.6279296875,2.279296875,1.173828125,0.03424072265625,9.8828125,0.541015625
1717772710,436439328,,DC1,DC2,DC3,DC4,DC5,DC6,-1.55078125,-1.55078125,0.65283203125,1.650390625,1.650390625,-0.1815185546875,0.75537109375,0.662109375,0.7333984375,-0.7119140625,-0.65869140625,-0.74462890625,1.513671875,0.70556640625,1.17578125,0.045654296875,12.09375,0.09130859375
1717772710,486895049,,DC1,DC2,DC3,DC4,DC5,DC6,-0.91845703125,-0.91845703125,0.56494140625,1.5712890625,1.5791015625,-0.37109375,0.7275390625,0.7294921875,0.70849609375,-0.7626953125,-0.60498046875,-0.74609375,1.3173828125,0.8583984375,0.7080078125,0.67578125,10.1875,0.385986328125
1717772710,536582079,,DC1,DC2,DC3,DC4,DC5,DC6,-1.619140625,-1.619140625,0.2264404296875,1.787109375,1.787109375,-0.218994140625,0.7021484375,0.80078125,0.69775390625,-0.7060546875,-0.78857421875,-0.71875,0.55712890625,3.162109375,1.8427734375,0.047943115234375,11.265625,0.57080078125
1717772710,586913833,,DC1,DC2,DC3,DC4,DC5,DC6,-1.7470703125,-1.7470703125,0.149658203125,1.658203125,1.658203125,-0.4169921875,0.72119140625,0.72998046875,0.72314453125,-0.7158203125,-0.630859375,-0.7568359375,0.2420654296875,1.443359375,1.8974609375,0.045654296875,10.3046875,0.477294921875
1717772710,636425769,,DC1,DC2,DC3,DC4,DC5,DC6,-0.97900390625,-0.97900390625,0.51806640625,1.42578125,1.42578125,-0.38232421875,0.73583984375,0.72607421875,0.74658203125,-0.763671875,-0.76953125,-0.7431640625,3.189453125,1.6123046875,0.490966796875,1.9638671875,10.8671875,0.1689453125
1717772710,686352776,,DC1,DC2,DC3,DC4,DC5,DC6,-1.4287109375,-1.4287109375,0.349853515625,1.681640625,1.541015625,0.1044921875,0.72119140625,0.814453125,0.70654296875,-0.71826171875,-0.8271484375,-0.70947265625,0.60498046875,1.904296875,1.4677734375,0.05023193359375,11.1640625,0.036529541015625
1717772710,736513517,,DC1,DC2,DC3,DC4,DC5,DC6,-1.2568359375,-1.2568359375,0.406494140625,1.580078125,1.580078125,-0.30859375,0.72900390625,0.74365234375,0.728515625,-0.75244140625,-0.6796875,-0.75390625,0.1666259765625,1.12109375,1.322265625,0.0684814453125,10.890625,0.41552734375
1717772710,786488474,,DC1,DC2,DC3,DC4,DC5,DC6,-1.5888671875,-1.5888671875,0.147216796875,1.525390625,1.525390625,-0.3916015625,0.736328125,0.6513671875,0.74609375,-0.73828125,-0.7744140625,-0.73779296875,0.8837890625,1.390625,1.1533203125,0.783203125,12.21875,0.1826171875
1717772710,836365850,,DC1,DC2,DC3,DC4,DC5,DC6,-1.0771484375,-1.0771484375,0.2164306640625,1.5791015625,1.5791015625,-0.04229736328125,0.73974609375,0.794921875,0.720703125,-0.71875,-0.7763671875,-0.70947265625,0.8564453125,2.03125,1.2470703125,0.031951904296875,11.2265625,0.340087890625
1717772710,886466870,,DC1,DC2,DC3,DC4,DC5,DC6,-0.970703125,-0.970703125,0.57373046875,1.5888671875,1.443359375,0.08721923828125,0.73779296875,0.736328125,0.7431640625,-0.740234375,-0.74560546875,-0.74365234375,0.1917724609375,2.04296875,2.466796875,0.045654296875,10.3203125,0.59130859375
1717772710,936365430,,DC1,DC2,DC3,DC4,DC5,DC6,-1.7421875,-1.7421875,0.2442626953125,1.7490234375,1.7490234375,-0.5654296875,0.7275390625,0.66064453125,0.73828125,-0.75146484375,-0.73681640625,-0.73583984375,1.1396484375,1.2353515625,0.92724609375,0.036529541015625,12.0703125,0.116455078125
1717772710,986460315,,DC1,DC2,DC3,DC4,DC5,DC6,-1.5517578125,-1.5517578125,0.349365234375,1.6142578125,1.6142578125,0.14404296875,0.728515625,0.73583984375,0.71826171875,-0.73876953125,-0.79736328125,-0.7294921875,1.5322265625,1.0478515625,0.8310546875,0.04339599609375,11.078125,0.50439453125
1717772711,36500922,,DC1,DC2,DC3,DC4,DC5,DC6,-1.2607421875,-1.2607421875,0.031219482421875,1.611328125,1.611328125,0.0309600830078125,0.73828125,0.7294921875,0.734375,-0.72265625,-0.7060546875,-0.732421875,0.1597900390625,1.3515625,1.2099609375,0.059356689453125,10.8671875,0.251220703125
1717772711,86588783,,DC1,DC2,DC3,DC4,DC5,DC6,-1.572265625,-1.572265625,0.1982421875,1.513671875,1.5791015625,-0.443115234375,0.732421875,0.67431640625,0.72119140625,-0.76904296875,-0.693359375,-0.7353515625,1.3291015625,1.7373046875,1.8359375,0.187255859375,10.8125,0.369873046875
1717772711,136382533,,DC1,DC2,DC3,DC4,DC5,DC6,-1.5,-1.5,0.50244140625,1.744140625,1.744140625,-0.7666015625,0.73046875,0.7470703125,0.72216796875,-0.7158203125,-0.75732421875,-0.73876953125,2.166015625,1.404296875,1.6416015625,0.047943115234375,11.03125,0.32421875
1717772711,186511040,,DC1,DC2,DC3,DC4,DC5,DC6,-1.2431640625,-1.2431640625,0.2093505859375,1.4814453125,1.4814453125,-0.62109375,0.7314453125,0.81591796875,0.740234375,-0.72509765625,-0.64013671875,-0.728515625,0.525390625,2.1015625,1.173828125,0.041107177734375,11.4609375,0.1392822265625
1717772711,236354328,,DC1,DC2,DC3,DC4,DC5,DC6,-1.46484375,-1.46484375,0.425537109375,1.48046875,1.48046875,-0.057525634765625,0.74072265625,0.65576171875,0.7373046875,-0.78955078125,-0.7255859375,-0.7333984375,1.123046875,1.3056640625,1.064453125,1.375,12.0,0.06390380859375
1717772711,286499728,,DC1,DC2,DC3,DC4,DC5,DC6,-1.794921875,-1.794921875,0.1536865234375,1.96484375,1.75,0.186279296875,0.73779296875,0.72802734375,0.7236328125,-0.7021484375,-0.89892578125,-0.771484375,3.076171875,1.783203125,1.3564453125,0.06390380859375,7.69140625,0.497802734375
1717772711,336469702,,DC1,DC2,DC3,DC4,DC5,DC6,-1.7119140625,-1.7119140625,0.354736328125,2.078125,2.078125,-0.29150390625,0.73583984375,0.81005859375,0.73583984375,-0.7421875,-0.681640625,-0.72607421875,0.6552734375,1.3154296875,1.5302734375,0.038818359375,11.828125,0.07080078125
1717772711,386522709,,DC1,DC2,DC3,DC4,DC5,DC6,-1.08984375,-1.08984375,0.6494140625,1.5615234375,1.5615234375,-0.041717529296875,0.740234375,0.7421875,0.75,-0.81005859375,-0.6806640625,-0.7236328125,0.1666259765625,1.3056640625,1.83984375,0.65087890625,11.5625,0.052520751953125
1717772711,436424971,,DC1,DC2,DC3,DC4,DC5,DC6,-1.5302734375,-1.5302734375,0.3193359375,1.810546875,1.810546875,-0.040557861328125,0.7294921875,0.7294921875,0.72802734375,-0.748046875,-0.814453125,-0.73974609375,2.00390625,2.7734375,1.212890625,0.47265625,6.3046875,0.134765625
1717772711,486478188,,DC1,DC2,DC3,DC4,DC5,DC6,-1.1484375,-1.1484375,0.5283203125,1.8076171875,1.78125,0.294677734375,0.73876953125,0.8076171875,0.73388671875,-0.7451171875,-0.75732421875,-0.75634765625,0.80810546875,2.69921875,1.8017578125,0.038818359375,11.65625,0.0867919921875
1717772711,536441243,,DC1,DC2,DC3,DC4,DC5,DC6,-1.64453125,-1.64453125,0.205322265625,1.4228515625,1.4228515625,-0.313720703125,0.75439453125,0.73583984375,0.75390625,-0.82421875,-0.6962890625,-0.716796875,0.1712646484375,1.349609375,2.09375,1.296875,12.046875,0.07080078125
1717772711,586476521,,DC1,DC2,DC3,DC4,DC5,DC6,-1.6982421875,-1.6982421875,0.1343994140625,2.09375,2.09375,-0.205810546875,0.74609375,0.66796875,0.74365234375,-0.73828125,-0.89501953125,-0.7412109375,1.498046875,1.8583984375,1.0185546875,0.059356689453125,6.328125,0.05706787109375
1717772711,636431800,,DC1,DC2,DC3,DC4,DC5,DC6,-2.21484375,-2.21484375,0.395263671875,2.21875,2.21875,-0.0045013427734375,0.744140625,0.81591796875,0.7216796875,-0.79296875,-0.8330078125,-0.7724609375,0.595703125,1.2353515625,2.26953125,0.07763671875,10.8125,0.2763671875
1717772711,686352837,,DC1,DC2,DC3,DC4,DC5,DC6,-1.5087890625,-1.5087890625,0.251220703125,2.623046875,2.439453125,-0.128173828125,0.75830078125,0.7431640625,0.76171875,-0.72607421875,-0.66650390625,-0.7509765625,0.11187744140625,2.05859375,1.1552734375,1.5458984375,7.39453125,0.1575927734375
1717772711,736495004,,DC1,DC2,DC3,DC4,DC5,DC6,-1.775390625,-1.775390625,-0.041748046875,2.4765625,2.4765625,-0.14111328125,0.74755859375,0.662109375,0.748046875,-0.84716796875,-0.84423828125,-0.72216796875,1.67578125,0.76953125,1.0751953125,0.319580078125,11.3125,0.484130859375
1717772711,786911502,,DC1,DC2,DC3,DC4,DC5,DC6,-0.84033203125,-0.84033203125,0.61669921875,2.896484375,2.896484375,-0.166015625,0.7275390625,0.736328125,0.71728515625,-0.7802734375,-0.79638671875,-0.751953125,2.39453125,1.177734375,1.5576171875,0.041107177734375,6.3515625,0.180419921875
1717772711,836428271,,DC1,DC2,DC3,DC4,DC5,DC6,-1.9365234375,-1.9365234375,0.466064453125,3.044921875,3.044921875,-0.56494140625,0.7451171875,0.716796875,0.720703125,-0.6591796875,-0.63720703125,-0.75732421875,0.228271484375,1.392578125,2.35546875,0.07537841796875,9.953125,0.406494140625
1717772711,886519716,,DC1,DC2,DC3,DC4,DC5,DC6,-1.87890625,-1.87890625,0.40478515625,2.833984375,3.240234375,0.004291534423828125,0.75537109375,0.69140625,0.7607421875,-0.83642578125,-0.58642578125,-0.72900390625,2.662109375,1.09375,0.65283203125,0.94970703125,10.0078125,0.356201171875
1717772711,936428255,,DC1,DC2,DC3,DC4,DC5,DC6,-1.8505859375,-1.8505859375,0.47265625,2.869140625,2.869140625,-0.1129150390625,0.7421875,0.77734375,0.73046875,-0.830078125,-0.9814453125,-0.75244140625,1.8330078125,1.8720703125,1.3583984375,0.0616455078125,6.29296875,0.44287109375
1717772711,986462793,,DC1,DC2,DC3,DC4,DC5,DC6,-2.189453125,-2.189453125,0.262939453125,3.06640625,3.06640625,-0.363525390625,0.7275390625,0.81591796875,0.7275390625,-0.6640625,-0.89599609375,-0.763671875,0.3310546875,1.80859375,2.111328125,0.05023193359375,6.27734375,0.251220703125
1717772712,36445817,,DC1,DC2,DC3,DC4,DC5,DC6,-1.927734375,-1.927734375,0.21728515625,2.919921875,2.919921875,0.1226806640625,0.75341796875,0.69677734375,0.75634765625,-0.720703125,-0.716796875,-0.740234375,2.50390625,0.74658203125,1.212890625,0.052520751953125,10.1171875,0.3583984375
1717772712,86351218,,DC1,DC2,DC3,DC4,DC5,DC6,-2.421875,-2.421875,0.1214599609375,3.033203125,3.078125,-0.2210693359375,0.74267578125,0.78466796875,0.7275390625,-0.84375,-0.68408203125,-0.71728515625,1.7080078125,2.248046875,1.6279296875,0.488525390625,12.25,0.04339599609375
1717772712,136463897,,DC1,DC2,DC3,DC4,DC5,DC6,-1.671875,-1.671875,0.513671875,3.080078125,3.080078125,-0.50390625,0.736328125,0.8037109375,0.73828125,-0.67529296875,-0.75634765625,-0.75146484375,0.2763671875,1.5576171875,1.4541015625,0.059356689453125,6.3515625,0.1256103515625
1717772712,186520340,,DC1,DC2,DC3,DC4,DC5,DC6,-1.9677734375,-1.9677734375,0.49169921875,3.111328125,3.111328125,0.06439208984375,0.748046875,0.693359375,0.75634765625,-0.68701171875,-0.64599609375,-0.73388671875,0.17578125,1.58203125,1.7646484375,0.0548095703125,11.125,0.1256103515625
1717772712,236357854,,DC1,DC2,DC3,DC4,DC5,DC6,-1.69921875,-1.69921875,0.288818359375,2.994140625,2.994140625,-0.429931640625,0.74072265625,0.79345703125,0.7529296875,-0.80029296875,-0.7119140625,-0.7275390625,2.59375,2.203125,1.0751953125,0.662109375,10.3046875,0.634765625
1717772712,286460470,,DC1,DC2,DC3,DC4,DC5,DC6,-1.9091796875,-1.9091796875,0.54296875,3.033203125,2.912109375,-0.429443359375,0.732421875,0.748046875,0.74169921875,-0.701171875,-0.86328125,-0.7421875,0.17578125,1.7578125,2.138671875,0.045654296875,7.578125,0.2237548828125
1717772712,336587676,,DC1,DC2,DC3,DC4,DC5,DC6,-1.7802734375,-1.7802734375,0.6103515625,2.923828125,2.923828125,0.07489013671875,0.7490234375,0.71533203125,0.7646484375,-0.7529296875,-0.64208984375,-0.75439453125,1.2236328125,1.177734375,1.5986328125,0.052520751953125,10.671875,0.4521484375
1717772712,386473488,,DC1,DC2,DC3,DC4,DC5,DC6,-1.619140625,-1.619140625,0.736328125,2.88671875,2.88671875,-0.106201171875,0.7587890625,0.7607421875,0.751953125,-0.81982421875,-0.708984375,-0.734375,1.5615234375,0.90869140625,0.689453125,1.107421875,11.71875,0.481689453125
1717772712,436484334,,DC1,DC2,DC3,DC4,DC5,DC6,-1.8779296875,-1.8779296875,0.2890625,2.701171875,2.701171875,-0.1953125,0.7373046875,0.71826171875,0.73046875,-0.80908203125,-0.88232421875,-0.7451171875,0.1689453125,1.4501953125,0.9794921875,0.038818359375,6.26953125,0.60302734375
1717772712,486482820,,DC1,DC2,DC3,DC4,DC5,DC6,-2.255859375,-2.255859375,0.1829833984375,2.853515625,3.078125,-0.05841064453125,0.74169921875,0.701171875,0.755859375,-0.6484375,-0.8251953125,-0.751953125,2.638671875,2.568359375,1.69921875,0.05023193359375,6.27734375,0.468017578125
1717772712,536393968,,DC1,DC2,DC3,DC4,DC5,DC6,-2.26953125,-2.26953125,0.188232421875,2.826171875,2.826171875,-0.287353515625,0.74169921875,0.7841796875,0.736328125,-0.814453125,-0.673828125,-0.740234375,2.10546875,1.3125,1.189453125,1.3125,12.453125,0.07305908203125
1717772712,586494363,,DC1,DC2,DC3,DC4,DC5,DC6,-2.09765625,-2.09765625,0.28271484375,3.119140625,3.119140625,-0.59814453125,0.74365234375,0.80224609375,0.73876953125,-0.80859375,-0.90966796875,-0.74658203125,0.28076171875,2.0390625,1.189453125,0.07763671875,6.28125,0.04339599609375
1717772712,636481003,,DC1,DC2,DC3,DC4,DC5,DC6,-2.3984375,-2.3984375,0.04791259765625,3.06640625,3.06640625,-0.4267578125,0.74755859375,0.6904296875,0.76220703125,-0.64697265625,-0.85888671875,-0.751953125,3.0703125,2.359375,1.068359375,0.04339599609375,6.2265625,0.05023193359375
1717772712,686375873,,DC1,DC2,DC3,DC4,DC5,DC6,-2.287109375,-2.287109375,0.1549072265625,2.6484375,2.919921875,0.08135986328125,0.74609375,0.79248046875,0.7255859375,-0.8310546875,-0.68701171875,-0.75048828125,2.607421875,1.484375,0.97509765625,0.319580078125,10.1640625,0.390380859375
1717772712,736480729,,DC1,DC2,DC3,DC4,DC5,DC6,-2.37890625,-2.37890625,0.461181640625,2.931640625,2.931640625,-0.54541015625,0.7412109375,0.78076171875,0.73388671875,-0.91748046875,-0.80078125,-0.7412109375,0.1644287109375,2.65234375,1.6484375,0.399658203125,6.2890625,0.64404296875
1717772712,786581916,,DC1,DC2,DC3,DC4,DC5,DC6,-2.4921875,-2.4921875,0.154541015625,2.951171875,2.951171875,-0.31298828125,0.74267578125,0.70263671875,0.759765625,-0.73388671875,-0.77685546875,-0.7705078125,0.59375,0.94287109375,1.08203125,0.047943115234375,6.375,0.40185546875
1717772712,836342185,,DC1,DC2,DC3,DC4,DC5,DC6,-2.462890625,-2.462890625,0.3974609375,2.853515625,2.853515625,-0.2841796875,0.75146484375,0.79296875,0.7470703125,-0.65185546875,-0.64697265625,-0.76806640625,2.3671875,2.421875,1.78515625,0.0296783447265625,10.6796875,0.2237548828125
1717772712,886500355,,DC1,DC2,DC3,DC4,DC5,DC6,-1.9267578125,-1.9267578125,0.409912109375,2.876953125,2.90625,-0.53759765625,0.74755859375,0.7578125,0.7470703125,-0.77880859375,-0.70849609375,-0.7158203125,0.1666259765625,2.09375,1.4931640625,0.02740478515625,11.8828125,0.2032470703125
1717772712,936464705,,DC1,DC2,DC3,DC4,DC5,DC6,-2.18359375,-2.18359375,0.225830078125,2.775390625,2.775390625,0.3291015625,0.74365234375,0.716796875,0.75537109375,-0.67822265625,-0.771484375,-0.771484375,1.1640625,1.4521484375,0.958984375,0.0548095703125,11.7578125,0.0548095703125
1717772712,986473965,,DC1,DC2,DC3,DC4,DC5,DC6,-2.25390625,-2.25390625,0.409423828125,2.8125,2.8125,0.08575439453125,0.740234375,0.75244140625,0.73095703125,-0.73486328125,-0.6484375,-0.77099609375,3.28515625,2.48828125,1.7646484375,0.08447265625,10.6796875,0.32421875
1717772713,36476615,,DC1,DC2,DC3,DC4,DC5,DC6,-2.236328125,-2.236328125,0.1639404296875,2.8828125,2.8828125,0.107177734375,0.7568359375,0.73681640625,0.73779296875,-0.84130859375,-0.67626953125,-0.7197265625,0.97509765625,2.1640625,2.041015625,1.6142578125,12.2109375,0.03424072265625
1717772713,86359611,,DC1,DC2,DC3,DC4,DC5,DC6,-2.16796875,-2.16796875,0.416259765625,2.8046875,2.5,-0.5263671875,0.74853515625,0.736328125,0.74365234375,-0.677734375,-0.876953125,-0.724609375,1.728515625,1.71484375,1.123046875,0.0616455078125,6.3046875,0.61181640625
1717772713,136504515,,DC1,DC2,DC3,DC4,DC5,DC6,-1.8994140625,-1.8994140625,0.5390625,2.65234375,2.65234375,-0.325439453125,0.73876953125,0.76123046875,0.7314453125,-0.74169921875,-0.63720703125,-0.78076171875,1.7763671875,1.107421875,0.96826171875,0.038818359375,10.1640625,0.207763671875
1717772713,186596427,,DC1,DC2,DC3,DC4,DC5,DC6,-2.01953125,-2.01953125,0.489501953125,2.759765625,2.759765625,-0.2239990234375,0.7451171875,0.75390625,0.7529296875,-0.85205078125,-0.66845703125,-0.7421875,0.98193359375,1.0751953125,1.474609375,1.552734375,10.9375,0.271728515625
1717772713,236279700,,DC1,DC2,DC3,DC4,DC5,DC6,-1.9150390625,-1.9150390625,0.171875,2.83984375,2.83984375,-0.36083984375,0.74560546875,0.74755859375,0.76025390625,-0.85302734375,-0.873046875,-0.74365234375,1.7490234375,1.810546875,1.2763671875,0.38818359375,6.375,0.123291015625
1717772713,286498968,,DC1,DC2,DC3,DC4,DC5,DC6,-1.8544921875,-1.8544921875,0.4482421875,2.984375,2.71875,-0.176513671875,0.73779296875,0.75146484375,0.73876953125,-0.69970703125,-0.83447265625,-0.76171875,1.4248046875,1.6416015625,1.19140625,0.047943115234375,6.359375,0.44287109375
1717772713,336594186,,DC1,DC2,DC3,DC4,DC5,DC6,-2.828125,-2.828125,-0.08245849609375,2.95703125,2.95703125,-0.07861328125,0.744140625,0.7626953125,0.75927734375,-0.8564453125,-0.6611328125,-0.7392578125,1.7607421875,1.32421875,1.9931640625,1.3193359375,9.828125,0.43603515625
1717772713,386583050,,DC1,DC2,DC3,DC4,DC5,DC6,-2.001953125,-2.001953125,0.35498046875,2.916015625,2.916015625,-0.03497314453125,0.751953125,0.73681640625,0.74560546875,-0.818359375,-0.79931640625,-0.73681640625,1.162109375,1.40625,1.431640625,0.728515625,6.37109375,0.392822265625
1717772713,436435450,,DC1,DC2,DC3,DC4,DC5,DC6,-2.36328125,-2.36328125,0.182373046875,2.912109375,2.912109375,-0.09564208984375,0.74267578125,0.75830078125,0.72705078125,-0.654296875,-0.7646484375,-0.765625,2.1640625,1.271484375,1.4541015625,0.038818359375,6.27734375,0.5888671875
1717772713,486403556,,DC1,DC2,DC3,DC4,DC5,DC6,-2.44921875,-2.44921875,0.356689453125,2.982421875,2.91015625,-0.059295654296875,0.751953125,0.75146484375,0.76025390625,-0.9267578125,-0.650390625,-0.767578125,1.5712890625,1.2197265625,1.2607421875,1.134765625,10.8828125,0.38134765625
1717772713,536469820,,DC1,DC2,DC3,DC4,DC5,DC6,-1.85546875,-1.85546875,0.4951171875,2.9453125,2.9453125,-0.26318359375,0.7490234375,0.7392578125,0.748046875,-0.83203125,-0.87890625,-0.7353515625,1.08203125,1.4658203125,1.310546875,0.1849365234375,6.3984375,0.258056640625
1717772713,586566337,,DC1,DC2,DC3,DC4,DC5,DC6,-2.7421875,-2.7421875,-0.032958984375,3.048828125,3.048828125,-0.20751953125,0.7412109375,0.748046875,0.728515625,-0.66552734375,-0.82763671875,-0.7626953125,1.4228515625,1.447265625,1.8955078125,0.04339599609375,6.33984375,0.5888671875
1717772713,636434659,,DC1,DC2,DC3,DC4,DC5,DC6,-2.533203125,-2.533203125,0.399169921875,2.89453125,2.89453125,-0.078369140625,0.74658203125,0.74365234375,0.73779296875,-0.6337890625,-0.662109375,-0.74609375,1.744140625,1.1826171875,2.06640625,0.0548095703125,9.9375,0.4453125
1717772713,686337732,,DC1,DC2,DC3,DC4,DC5,DC6,-2.283203125,-2.283203125,0.2279052734375,3.060546875,3.029296875,-0.0258941650390625,0.7490234375,0.7451171875,0.74609375,-0.8447265625,-0.67041015625,-0.7216796875,1.3427734375,1.634765625,1.3994140625,0.5458984375,10.7734375,0.328857421875
1717772713,736301304,,DC1,DC2,DC3,DC4,DC5,DC6,-2.173828125,-2.173828125,0.32080078125,3.001953125,3.001953125,-0.2344970703125,0.7470703125,0.75146484375,0.7333984375,-0.751953125,-0.7939453125,-0.7744140625,1.904296875,1.2646484375,1.2216796875,0.0548095703125,6.359375,0.390380859375
1717772713,787196675,,DC1,DC2,DC3,DC4,DC5,DC6,-2.138671875,-2.138671875,0.4296875,3.013671875,3.013671875,0.1417236328125,0.74951171875,0.7509765625,0.748046875,-0.669921875,-0.65673828125,-0.7431640625,1.390625,2.216796875,2.40625,0.031951904296875,10.078125,0.32421875
1717772713,836387731,,DC1,DC2,DC3,DC4,DC5,DC6,-2.337890625,-2.337890625,0.07427978515625,2.88671875,2.88671875,-0.0821533203125,0.73974609375,0.740234375,0.75830078125,-0.7626953125,-0.716796875,-0.71875,1.6572265625,1.9501953125,2.12890625,0.76708984375,10.4453125,0.64404296875
1717772713,886908085,,DC1,DC2,DC3,DC4,DC5,DC6,-2.375,-2.375,0.0634765625,2.923828125,2.923828125,-0.154541015625,0.734375,0.76171875,0.728515625,-0.77099609375,-0.80078125,-0.7451171875,2.630859375,2.482421875,1.7607421875,0.059356689453125,6.34375,0.69873046875
1717772713,936421779,,DC1,DC2,DC3,DC4,DC5,DC6,-1.904296875,-1.904296875,0.5146484375,2.833984375,2.833984375,-0.435302734375,0.74462890625,0.74560546875,0.74658203125,-0.66748046875,-0.640625,-0.7646484375,1.3017578125,1.9501953125,1.7744140625,0.038818359375,11.8984375,0.37890625
1717772713,986608288,,DC1,DC2,DC3,DC4,DC5,DC6,-1.9482421875,-1.9482421875,0.52978515625,2.947265625,2.947265625,-0.369384765625,0.7578125,0.74365234375,0.755859375,-0.74560546875,-0.61474609375,-0.73828125,1.1005859375,0.94091796875,1.6435546875,0.7421875,10.90625,0.4453125
1717772714,36329391,,DC1,DC2,DC3,DC4,DC5,DC6,-2.0625,-1.9306640625,0.486328125,2.798828125,2.798828125,-0.4580078125,0.7353515625,0.75390625,0.736328125,-0.86669921875,-0.85498046875,-0.75,1.771484375,1.7060546875,1.8154296875,0.72607421875,10.4765625,0.484130859375
1717772714,87013894,,DC1,DC2,DC3,DC4,DC5,DC6,-2.54296875,-2.54296875,0.30615234375,2.921875,2.921875,0.039459228515625,0.74072265625,0.74560546875,0.7451171875,-0.6376953125,-0.677734375,-0.7607421875,1.3173828125,2.12890625,2.05078125,0.031951904296875,6.2734375,0.1392822265625
1717772714,136386741,,DC1,DC2,DC3,DC4,DC5,DC6,-2.330078125,-2.330078125,0.228759765625,2.91015625,2.91015625,-0.43994140625,0.7568359375,0.76220703125,0.75830078125,-0.6357421875,-0.66943359375,-0.740234375,2.28515625,1.1875,1.3056640625,0.52978515625,10.9453125,0.315185546875
1717772714,186482146,,DC1,DC2,DC3,DC4,DC5,DC6,-2.12890625,-2.12890625,0.489013671875,2.76171875,2.76171875,-0.736328125,0.75830078125,0.75146484375,0.7490234375,-0.8193359375,-0.8125,-0.73681640625,1.52734375,1.755859375,1.3017578125,0.47265625,11.953125,0.1324462890625
1717772714,236429928,,DC1,DC2,DC3,DC4,DC5,DC6,-2.572265625,-2.572265625,0.474365234375,2.921875,2.921875,-0.265380859375,0.73486328125,0.7470703125,0.732421875,-0.78369140625,-0.7421875,-0.7490234375,2.169921875,1.4912109375,1.4775390625,0.03424072265625,6.265625,0.4521484375
1717772714,286481142,,DC1,DC2,DC3,DC4,DC5,DC6,-1.9736328125,-1.9736328125,0.49560546875,2.9140625,3.04296875,0.189208984375,0.75634765625,0.7626953125,0.76025390625,-0.693359375,-0.68798828125,-0.76953125,1.6416015625,1.744140625,1.9775390625,0.68505859375,10.0,0.390380859375
1717772714,336569196,,DC1,DC2,DC3,DC4,DC5,DC6,-2.552734375,-2.552734375,0.154296875,2.888671875,2.888671875,-0.544921875,0.7626953125,0.74658203125,0.7587890625,-0.82373046875,-0.86865234375,-0.7490234375,1.58203125,1.943359375,1.26953125,0.047943115234375,11.03125,0.4248046875
1717772714,386624928,,DC1,DC2,DC3,DC4,DC5,DC6,-2.71484375,-2.71484375,-0.0265045166015625,2.896484375,2.896484375,-0.4287109375,0.74072265625,0.72998046875,0.72998046875,-0.76171875,-0.77197265625,-0.72314453125,1.60546875,1.3291015625,1.2421875,0.045654296875,6.27734375,0.1575927734375
1717772714,436358588,,DC1,DC2,DC3,DC4,DC5,DC6,-2.5703125,-2.5703125,0.278076171875,3.064453125,3.064453125,-0.7109375,0.75,0.75390625,0.7275390625,-0.67529296875,-0.6455078125,-0.763671875,1.875,1.294921875,1.6689453125,0.038818359375,11.625,0.0616455078125
1717772714,486497171,,DC1,DC2,DC3,DC4,DC5,DC6,-2.53515625,-2.53515625,0.2225341796875,2.8359375,2.9609375,-0.1796875,0.76220703125,0.74609375,0.77783203125,-0.8115234375,-0.71142578125,-0.76513671875,1.419921875,1.0322265625,1.474609375,0.059356689453125,11.6640625,0.0548095703125
1717772714,536484097,,DC1,DC2,DC3,DC4,DC5,DC6,-2.44921875,-2.44921875,0.013641357421875,2.888671875,2.888671875,-0.25830078125,0.75048828125,0.740234375,0.7353515625,-0.7431640625,-0.84033203125,-0.75,1.650390625,1.8330078125,0.5888671875,0.0548095703125,6.25,0.1278076171875
1717772714,586461223,,DC1,DC2,DC3,DC4,DC5,DC6,-2.19921875,-2.19921875,0.284423828125,2.71875,2.71875,0.0010671615600585938,0.7412109375,0.7490234375,0.728515625,-0.68408203125,-0.67236328125,-0.78125,2.345703125,1.650390625,2.279296875,0.05706787109375,11.015625,0.0548095703125
1717772714,636490117,,DC1,DC2,DC3,DC4,DC5,DC6,-2.275390625,-2.275390625,0.57763671875,2.716796875,2.716796875,-0.368408203125,0.74658203125,0.7421875,0.76318359375,-0.765625,-0.65283203125,-0.75341796875,1.5849609375,1.916015625,1.6806640625,1.228515625,10.421875,0.326416015625
1717772714,686530758,,DC1,DC2,DC3,DC4,DC5,DC6,-2.580078125,-2.580078125,0.09130859375,3.013671875,2.447265625,-0.441650390625,0.7509765625,0.74462890625,0.73291015625,-0.7490234375,-0.86865234375,-0.71630859375,2.62890625,1.4931640625,1.05078125,0.0548095703125,10.1875,0.413330078125
1717772714,736496201,,DC1,DC2,DC3,DC4,DC5,DC6,-2.158203125,-2.158203125,0.408935546875,2.783203125,2.783203125,-0.2222900390625,0.75244140625,0.75146484375,0.7470703125,-0.6748046875,-0.66796875,-0.79052734375,2.279296875,1.63671875,2.189453125,0.03424072265625,11.546875,0.04339599609375
1717772714,786916887,,DC1,DC2,DC3,DC4,DC5,DC6,-2.908203125,-2.908203125,-0.0229949951171875,2.990234375,2.990234375,-0.46142578125,0.75,0.74853515625,0.7685546875,-0.7529296875,-0.64599609375,-0.7607421875,1.6708984375,1.4521484375,1.537109375,1.1533203125,11.8125,0.02740478515625
1717772714,836301248,,DC1,DC2,DC3,DC4,DC5,DC6,-2.203125,-2.203125,0.5166015625,2.6953125,2.6953125,-0.2266845703125,0.74560546875,0.744140625,0.744140625,-0.82666015625,-0.81591796875,-0.70068359375,1.71484375,2.048828125,0.97265625,0.37890625,11.046875,0.21923828125
1717772714,886480401,,DC1,DC2,DC3,DC4,DC5,DC6,-2.1875,-2.1875,0.457275390625,2.666015625,2.796875,0.5478515625,0.74853515625,0.75439453125,0.751953125,-0.68115234375,-0.78076171875,-0.72900390625,1.564453125,1.4609375,1.80859375,0.047943115234375,6.28515625,0.65771484375
1717772714,936456185,,DC1,DC2,DC3,DC4,DC5,DC6,-2.0234375,-2.0234375,0.431884765625,3.048828125,3.048828125,-0.11846923828125,0.75537109375,0.755859375,0.76416015625,-0.76513671875,-0.6875,-0.78076171875,1.701171875,1.794921875,1.3447265625,1.1689453125,11.0234375,0.1529541015625
1717772714,986467417,,DC1,DC2,DC3,DC4,DC5,DC6,-2.037109375,-2.037109375,0.344482421875,2.494140625,2.494140625,0.2021484375,0.74560546875,0.74169921875,0.74169921875,-0.8564453125,-0.85107421875,-0.71630859375,1.216796875,1.5849609375,1.12109375,0.05706787109375,11.2578125,0.041107177734375
1717772715,36413955,,DC1,DC2,DC3,DC4,DC5,DC6,-2.208984375,-2.208984375,0.427001953125,3.0546875,3.0546875,1.7353515625,0.7490234375,0.75732421875,0.734375,-0.75927734375,-0.810546875,-0.7412109375,1.447265625,1.634765625,2.427734375,0.05706787109375,6.38671875,0.65087890625
1717772715,86504331,,DC1,DC2,DC3,DC4,DC5,DC6,-2.1953125,-2.1953125,0.32275390625,2.998046875,2.978515625,0.70849609375,0.75927734375,0.75732421875,0.765625,-0.74169921875,-0.6484375,-0.775390625,1.4775390625,1.9638671875,0.8564453125,1.7763671875,10.890625,0.17578125
1717772715,136447005,,DC1,DC2,DC3,DC4,DC5,DC6,-2.13671875,-2.13671875,0.319091796875,2.4609375,2.4609375,-0.472900390625,0.74609375,0.73681640625,0.7373046875,-0.796875,-0.82861328125,-0.71923828125,2.052734375,1.390625,0.58203125,0.2442626953125,10.015625,0.43603515625
1717772715,187292242,,DC1,DC2,DC3,DC4,DC5,DC6,-2.0859375,-2.0859375,0.378662109375,2.70703125,2.70703125,0.9404296875,0.732421875,0.7392578125,0.732421875,-0.75244140625,-0.79638671875,-0.73486328125,3.197265625,2.203125,1.56640625,0.09588623046875,10.0390625,0.43603515625
1717772715,236440578,,DC1,DC2,DC3,DC4,DC5,DC6,-1.9306640625,-1.9306640625,0.12939453125,2.794921875,2.794921875,0.351806640625,0.7568359375,0.76220703125,0.75146484375,-0.72705078125,-0.65380859375,-0.78173828125,1.5048828125,0.9111328125,2.2421875,0.045654296875,11.265625,0.07763671875
1717772715,286553369,,DC1,DC2,DC3,DC4,DC5,DC6,-2.548828125,-2.548828125,0.08892822265625,2.4140625,2.94140625,-0.30419921875,0.7529296875,0.74072265625,0.7490234375,-0.78759765625,-0.69970703125,-0.78271484375,1.4248046875,1.001953125,0.94775390625,0.21240234375,10.8828125,0.130126953125
1717772715,336453857,,DC1,DC2,DC3,DC4,DC5,DC6,-2.349609375,-2.349609375,0.31982421875,2.595703125,2.595703125,0.98876953125,0.736328125,0.73974609375,0.73095703125,-0.74365234375,-0.8408203125,-0.72998046875,2.310546875,1.8955078125,1.2919921875,0.05023193359375,9.2734375,0.5390625
1717772715,386588277,,DC1,DC2,DC3,DC4,DC5,DC6,-2.146484375,-2.146484375,0.3427734375,2.5234375,2.5234375,0.142333984375,0.73583984375,0.75732421875,0.75146484375,-0.73779296875,-0.6728515625,-0.77685546875,1.9228515625,1.8359375,1.1416015625,0.045654296875,10.1953125,0.310546875
1717772715,436463895,,DC1,DC2,DC3,DC4,DC5,DC6,-2.8359375,-2.8359375,0.318603515625,2.462890625,2.462890625,-0.3291015625,0.716796875,0.69140625,0.76611328125,-0.7587890625,-0.6103515625,-0.7744140625,0.17578125,0.07989501953125,1.150390625,0.94091796875,11.3515625,0.1324462890625
1717772715,486460464,,DC1,DC2,DC3,DC4,DC5,DC6,-2.1953125,-2.1953125,0.2398681640625,2.58203125,2.5390625,-0.201171875,0.61181640625,0.63818359375,0.6240234375,-0.638671875,-0.78662109375,-0.69140625,1.6875,0.305908203125,0.77392578125,0.06622314453125,7.56640625,0.0205535888671875
1717772715,536497627,,DC1,DC2,DC3,DC4,DC5,DC6,-2.208984375,-2.208984375,0.397705078125,2.560546875,2.560546875,0.474853515625,0.58056640625,0.62841796875,0.65576171875,-0.64404296875,-0.62646484375,-0.66162109375,2.841796875,1.7880859375,1.849609375,0.038818359375,11.6484375,0.4521484375
1717772715,586630128,,DC1,DC2,DC3,DC4,DC5,DC6,-2.36328125,-2.36328125,0.3193359375,1.78125,1.78125,-0.392578125,0.654296875,0.6484375,0.658203125,-0.6513671875,-0.5888671875,-0.69189453125,2.083984375,3.365234375,0.45654296875,0.123291015625,10.984375,0.3515625
1717772715,636432912,,DC1,DC2,DC3,DC4,DC5,DC6,-2.5625,-2.5625,0.072509765625,1.291015625,1.291015625,-0.71240234375,0.501953125,0.53564453125,0.58447265625,-0.60205078125,-0.63720703125,-0.6123046875,0.1529541015625,0.038818359375,0.08905029296875,0.1461181640625,7.22265625,0.013702392578125
1717772715,686450815,,DC1,DC2,DC3,DC4,DC5,DC6,-1.888671875,-1.888671875,0.4091796875,1.0927734375,1.09375,0.34130859375,0.496337890625,0.51611328125,0.54443359375,-0.54931640625,-0.59375,-0.517578125,2.21875,3.341796875,1.8330078125,0.04339599609375,11.5,0.194091796875
1717772715,736519857,,DC1,DC2,DC3,DC4,DC5,DC6,-2.009765625,-2.009765625,0.3486328125,1.08203125,1.08203125,-0.59716796875,0.55517578125,0.5283203125,0.55029296875,-0.52880859375,-0.48583984375,-0.57421875,1.474609375,2.5390625,1.2080078125,0.52294921875,10.1015625,0.1986083984375
1717772715,786638471,,DC1,DC2,DC3,DC4,DC5,DC6,-2.208984375,-2.208984375,0.2220458984375,1.1708984375,1.1708984375,-0.328857421875,0.548828125,0.533203125,0.51025390625,-0.513671875,-0.576171875,-0.52685546875,0.76025390625,0.06390380859375,0.059356689453125,0.04339599609375,11.40625,0.0296783447265625
1717772715,836429511,,DC1,DC2,DC3,DC4,DC5,DC6,-2.37109375,-2.37109375,0.02154541015625,1.044921875,1.044921875,-0.21337890625,0.456298828125,0.4365234375,0.46240234375,-0.4990234375,-0.55859375,-0.437255859375,1.1806640625,0.07080078125,0.477294921875,0.047943115234375,11.0859375,0.2032470703125
1717772715,886330006,,DC1,DC2,DC3,DC4,DC5,DC6,-2.423828125,-2.423828125,0.6650390625,0.9345703125,1.0283203125,-0.110595703125,0.407470703125,0.432861328125,0.4326171875,-0.420654296875,-0.447021484375,-0.466552734375,1.9931640625,0.8037109375,0.75341796875,0.09130859375,8.953125,0.390380859375
1717772715,936670384,,DC1,DC2,DC3,DC4,DC5,DC6,-2.193359375,-2.193359375,0.2003173828125,1.1943359375,1.1943359375,-0.59228515625,0.447021484375,0.412109375,0.39013671875,-0.4248046875,-0.431396484375,-0.256103515625,1.025390625,1.05078125,0.57080078125,0.1256103515625,11.0703125,0.00913238525390625
1717772715,986600322,,DC1,DC2,DC3,DC4,DC5,DC6,-2.298828125,-2.298828125,0.32373046875,1.1328125,1.1328125,-0.65966796875,0.454833984375,0.4111328125,0.409423828125,-0.437744140625,-0.487060546875,-0.3642578125,1.6279296875,0.05706787109375,1.646484375,0.047943115234375,11.3046875,0.0936279296875
1717772716,36336323,,DC1,DC2,DC3,DC4,DC5,DC6,-3.203125,-3.203125,0.08135986328125,1.6708984375,1.6708984375,-0.625,0.323486328125,0.3671875,0.4208984375,-0.39794921875,-0.443359375,-0.50244140625,0.45654296875,1.947265625,0.410888671875,0.0616455078125,6.3203125,0.39501953125
1717772716,86823439,,DC1,DC2,DC3,DC4,DC5,DC6,-0.96875,-0.96875,-0.06634521484375,2.576171875,2.150390625,-1.111328125,0.4345703125,0.3349609375,0.180908203125,-0.3583984375,-0.3544921875,-0.48193359375,0.6943359375,1.10546875,0.28759765625,0.041107177734375,9.90625,0.0182647705078125
1717772716,136448475,,DC1,DC2,DC3,DC4,DC5,DC6,-0.67578125,-0.67578125,0.3828125,2.17578125,2.17578125,-0.3779296875,0.45263671875,0.340087890625,0.26416015625,-0.375244140625,-0.336669921875,-0.308349609375,1.326171875,0.0548095703125,3.884765625,0.08905029296875,9.5546875,0.228271484375
1717772716,187291715,,DC1,DC2,DC3,DC4,DC5,DC6,-2.267578125,-2.267578125,0.1402587890625,2.423828125,2.423828125,-0.3515625,0.3623046875,0.348388671875,0.41015625,-0.33740234375,-0.35791015625,-0.416259765625,1.1533203125,0.05023193359375,3.3203125,0.041107177734375,6.25,0.5732421875
1717772716,236487175,,DC1,DC2,DC3,DC4,DC5,DC6,-3.271484375,-3.271484375,0.440185546875,2.83203125,2.83203125,-0.68212890625,0.30322265625,0.298828125,-0.5576171875,-0.286376953125,-0.33642578125,-0.415771484375,0.2032470703125,0.69189453125,0.05706787109375,0.05023193359375,11.234375,0.03424072265625
1717772716,286570984,,DC1,DC2,DC3,DC4,DC5,DC6,-2.4765625,-2.4765625,0.57080078125,2.880859375,2.849609375,-0.7421875,0.323486328125,0.28173828125,0.0694580078125,-0.321533203125,-0.269287109375,-0.33251953125,0.65283203125,0.06390380859375,7.43359375,0.0616455078125,11.40625,0.0228271484375
1717772716,336495667,,DC1,DC2,DC3,DC4,DC5,DC6,-2.720703125,-2.720703125,0.366943359375,2.9453125,2.9453125,0.036529541015625,0.30224609375,0.26806640625,0.336669921875,-0.25732421875,-0.2685546875,-0.2822265625,0.61669921875,0.05706787109375,2.8828125,0.045654296875,6.31640625,0.041107177734375
1717772716,386613222,,DC1,DC2,DC3,DC4,DC5,DC6,-2.544921875,-2.544921875,0.63671875,2.78515625,2.78515625,-0.833984375,0.2418212890625,0.277099609375,0.6328125,-0.26171875,-0.259033203125,-0.3095703125,0.67333984375,0.0548095703125,0.06390380859375,0.045654296875,11.3984375,0.041107177734375
1717772716,436481599,,DC1,DC2,DC3,DC4,DC5,DC6,-2.72265625,-2.72265625,0.387939453125,2.771484375,2.771484375,0.040618896484375,0.282470703125,0.244384765625,0.48828125,-0.294921875,-0.2437744140625,-0.2734375,0.1552734375,0.349365234375,0.059356689453125,0.0548095703125,10.5859375,0.02740478515625
1717772716,486509169,,DC1,DC2,DC3,DC4,DC5,DC6,-2.501953125,-2.501953125,0.47412109375,2.513671875,2.90234375,-0.44921875,0.2880859375,0.195556640625,0.3125,-0.225830078125,-0.2222900390625,-0.2188720703125,0.440673828125,0.031951904296875,0.059356689453125,0.0548095703125,6.328125,0.036529541015625
1717772716,536378928,,DC1,DC2,DC3,DC4,DC5,DC6,-2.4765625,-2.4765625,0.46044921875,1.16796875,1.16796875,-0.6953125,0.23046875,0.2100830078125,0.25,-0.287841796875,-0.2059326171875,-0.256591796875,1.21484375,0.047943115234375,0.07080078125,0.0616455078125,10.9921875,0.04339599609375
1717772716,586560714,,DC1,DC2,DC3,DC4,DC5,DC6,-2.810546875,-2.810546875,0.1639404296875,1.61328125,1.61328125,-0.5048828125,0.218994140625,0.2406005859375,0.199951171875,-0.2724609375,-0.2093505859375,-0.255126953125,1.0185546875,0.406494140625,0.0548095703125,0.07305908203125,6.375,0.01141357421875
1717772716,636483967,,DC1,DC2,DC3,DC4,DC5,DC6,-2.7265625,-2.7265625,0.5634765625,1.8203125,1.8203125,0.0010671615600585938,0.2047119140625,0.1810302734375,0.41064453125,-0.218017578125,-0.2056884765625,-0.2041015625,0.9794921875,0.397216796875,0.36767578125,0.1072998046875,6.3828125,0.0182647705078125
1717772716,686508257,,DC1,DC2,DC3,DC4,DC5,DC6,-2.66796875,-2.66796875,-0.0059967041015625,1.4814453125,1.619140625,-0.2451171875,0.2012939453125,0.167724609375,0.2626953125,-0.1763916015625,-0.16455078125,-0.163330078125,1.392578125,0.045654296875,0.059356689453125,0.045654296875,6.9921875,0.1826171875
1717772716,736454586,,DC1,DC2,DC3,DC4,DC5,DC6,-2.466796875,-2.466796875,0.424072265625,1.529296875,1.529296875,-0.54052734375,0.1610107421875,0.156494140625,0.210205078125,-0.1871337890625,-0.17138671875,-0.2003173828125,1.4609375,0.059356689453125,0.038818359375,0.047943115234375,10.078125,0.1507568359375
1717772716,787257204,,DC1,DC2,DC3,DC4,DC5,DC6,-2.693359375,-2.693359375,-0.440673828125,1.935546875,1.935546875,-0.69873046875,0.3994140625,0.15673828125,0.168212890625,-0.17333984375,-0.1802978515625,-0.1959228515625,1.2333984375,0.8515625,0.07537841796875,0.041107177734375,10.1875,0.0228271484375
1717772716,836480222,,DC1,DC2,DC3,DC4,DC5,DC6,-2.990234375,-2.990234375,-1.025390625,2.015625,2.015625,-0.626953125,0.287353515625,0.1461181640625,0.1590576171875,-0.1595458984375,-0.164306640625,-0.15673828125,0.876953125,0.045654296875,0.045654296875,0.047943115234375,10.4921875,0.0205535888671875
1717772716,886460685,,DC1,DC2,DC3,DC4,DC5,DC6,-3.021484375,-3.021484375,-0.9814453125,1.9833984375,2.041015625,-0.41748046875,0.22998046875,0.116943359375,0.126953125,-0.13427734375,-0.1314697265625,-0.159423828125,0.89501953125,0.0228271484375,0.2900390625,0.1324462890625,10.6484375,0.025115966796875
1717772716,936530484,,DC1,DC2,DC3,DC4,DC5,DC6,-3.083984375,-3.083984375,-0.92626953125,1.765625,1.765625,-0.46435546875,0.1839599609375,0.12353515625,0.12646484375,-0.12841796875,-0.130615234375,-0.1326904296875,1.5869140625,0.0548095703125,0.410888671875,0.04339599609375,9.6875,0.376708984375
1717772716,986955487,,DC1,DC2,DC3,DC4,DC5,DC6,-3.029296875,-3.029296875,-0.98681640625,1.7275390625,1.7275390625,-0.7099609375,0.147216796875,0.125732421875,0.1219482421875,-0.1405029296875,-0.157470703125,-0.1475830078125,1.1162109375,0.031951904296875,0.21240234375,0.052520751953125,10.5859375,0.1826171875
1717772717,36765991,,DC1,DC2,DC3,DC4,DC5,DC6,-2.533203125,-2.533203125,-0.77978515625,1.7412109375,1.7412109375,-0.64599609375,0.119140625,0.09521484375,0.0977783203125,-0.137939453125,-0.1259765625,-0.11810302734375,1.796875,0.143798828125,0.417724609375,0.0936279296875,9.1640625,0.1141357421875
1717772717,86907645,,DC1,DC2,DC3,DC4,DC5,DC6,-2.4765625,-2.4765625,-0.7109375,1.810546875,2.0,-0.322509765625,0.1163330078125,0.09814453125,0.09954833984375,-0.10345458984375,-0.10076904296875,-0.11224365234375,1.2578125,0.041107177734375,0.2237548828125,0.047943115234375,7.93359375,0.312744140625
1717772717,136436829,,DC1,DC2,DC3,DC4,DC5,DC6,-2.8515625,-2.8515625,-0.78271484375,1.7841796875,1.7841796875,-0.5419921875,0.09307861328125,0.0784912109375,0.09619140625,-0.1131591796875,-0.0977783203125,-0.106689453125,1.474609375,0.047943115234375,0.23291015625,0.041107177734375,11.0703125,0.08221435546875
1717772717,186497052,,DC1,DC2,DC3,DC4,DC5,DC6,-3.166015625,-3.166015625,-1.0771484375,1.9677734375,1.9677734375,-0.8837890625,0.08984375,0.09564208984375,0.07696533203125,-0.09051513671875,-0.1043701171875,-0.10235595703125,1.888671875,0.23974609375,0.2054443359375,0.04339599609375,9.2578125,0.2626953125
1717772717,236439807,,DC1,DC2,DC3,DC4,DC5,DC6,-2.015625,-2.015625,-0.8388671875,1.87890625,1.87890625,-1.1181640625,0.12286376953125,0.07965087890625,0.061553955078125,-0.1016845703125,-0.08349609375,-0.0819091796875,0.59814453125,0.02740478515625,0.404052734375,0.06622314453125,10.375,0.2442626953125
1717772717,286442410,,DC1,DC2,DC3,DC4,DC5,DC6,-1.7958984375,-1.7958984375,-0.241943359375,1.7119140625,1.60546875,-0.427978515625,0.0982666015625,0.063720703125,0.088623046875,-0.08642578125,-0.0877685546875,-0.091552734375,1.1396484375,0.052520751953125,0.1781005859375,0.047943115234375,9.75,0.305908203125
1717772717,336495914,,DC1,DC2,DC3,DC4,DC5,DC6,-2.431640625,-2.431640625,-0.86474609375,1.5791015625,1.5791015625,-0.55322265625,0.07861328125,0.06549072265625,0.0709228515625,-0.10601806640625,-0.069091796875,-0.08648681640625,1.3564453125,0.05706787109375,0.08447265625,0.045654296875,10.3828125,0.1392822265625
1717772717,386849335,,DC1,DC2,DC3,DC4,DC5,DC6,-2.015625,-2.015625,-0.81640625,1.806640625,1.806640625,-0.38671875,0.0784912109375,0.072265625,0.056732177734375,-0.08477783203125,-0.07794189453125,-0.06915283203125,1.353515625,0.1256103515625,0.17578125,0.0548095703125,6.18359375,0.05023193359375
1717772717,436497749,,DC1,DC2,DC3,DC4,DC5,DC6,-2.005859375,-2.005859375,-0.9697265625,1.7841796875,1.7841796875,-0.5546875,0.05023193359375,0.046234130859375,0.06182861328125,-0.06781005859375,-0.06231689453125,-0.07977294921875,0.162109375,0.047943115234375,0.3310546875,0.036529541015625,10.2578125,0.305908203125
1717772717,487251350,,DC1,DC2,DC3,DC4,DC5,DC6,-1.984375,-1.984375,-0.705078125,1.7705078125,1.7705078125,-0.63134765625,0.040191650390625,0.0369873046875,0.03955078125,-0.043426513671875,-0.039886474609375,-0.0638427734375,0.162109375,0.04339599609375,0.0684814453125,0.0616455078125,6.39453125,0.0228271484375
1717772717,536479374,,DC1,DC2,DC3,DC4,DC5,DC6,-2.623046875,-2.623046875,-1.1181640625,1.7080078125,1.7080078125,-0.5517578125,0.03216552734375,0.0295867919921875,0.031646728515625,-0.03472900390625,-0.03192138671875,-0.04083251953125,0.162109375,0.04339599609375,0.0684814453125,0.038818359375,6.40234375,0.013702392578125
1717772717,586590802,,DC1,DC2,DC3,DC4,DC5,DC6,-2.056640625,-2.056640625,-0.7822265625,1.5791015625,1.5791015625,-0.64990234375,0.025726318359375,0.0236663818359375,0.0253143310546875,-0.0277862548828125,-0.0255279541015625,-0.032684326171875,0.1507568359375,0.036529541015625,0.07537841796875,0.04339599609375,6.39453125,0.031951904296875
1717772717,636322308,,DC1,DC2,DC3,DC4,DC5,DC6,-2.15234375,-2.15234375,-0.74755859375,1.67578125,1.67578125,-0.486083984375,0.0164642333984375,0.0151519775390625,0.0202484130859375,-0.0222320556640625,-0.0204315185546875,-0.0261383056640625,0.1552734375,0.07080078125,0.052520751953125,0.05023193359375,6.40234375,0.0182647705078125
1717772717,686481391,,DC1,DC2,DC3,DC4,DC5,DC6,-1.7373046875,-1.7373046875,-0.4208984375,1.71484375,1.7314453125,-0.3037109375,0.0131683349609375,0.01212310791015625,0.01296234130859375,-0.01422882080078125,-0.0163421630859375,-0.020904541015625,0.1552734375,0.047943115234375,0.0684814453125,0.025115966796875,6.37109375,0.01141357421875
1717772717,736501570,,DC1,DC2,DC3,DC4,DC5,DC6,-2.123046875,-2.123046875,-0.50048828125,1.7841796875,1.7841796875,-0.75634765625,0.01053619384765625,0.00969696044921875,0.01036834716796875,-0.011383056640625,-0.01045989990234375,-0.0133819580078125,0.1461181640625,0.047943115234375,0.052520751953125,0.03424072265625,6.39453125,0.03424072265625
1717772717,787071770,,DC1,DC2,DC3,DC4,DC5,DC6,-2.630859375,-2.630859375,-0.93212890625,1.8603515625,1.8603515625,-0.464599609375,0.00843048095703125,0.007755279541015625,0.00829315185546875,-0.00910186767578125,-0.00836944580078125,-0.01070404052734375,0.1507568359375,0.038818359375,0.0684814453125,0.038818359375,6.3671875,0.02740478515625
1717772717,836310803,,DC1,DC2,DC3,DC4,DC5,DC6,-2.337890625,-2.337890625,-0.81201171875,1.5830078125,1.5830078125,-0.38525390625,0.00539398193359375,0.004962921142578125,0.0066375732421875,-0.007282257080078125,-0.00669097900390625,-0.00856781005859375,0.134765625,0.031951904296875,0.036529541015625,0.0936279296875,6.32421875,0.013702392578125
1717772717,886461481,,DC1,DC2,DC3,DC4,DC5,DC6,-1.71875,-1.71875,-0.52978515625,1.740234375,1.740234375,-0.5791015625,0.004314422607421875,0.003971099853515625,0.00424957275390625,-0.00466156005859375,-0.004283905029296875,-0.0068511962890625,0.1575927734375,0.052520751953125,0.0936279296875,0.05706787109375,6.33984375,0.0159759521484375
1717772717,936605723,,DC1,DC2,DC3,DC4,DC5,DC6,-2.142578125,-2.142578125,-0.64697265625,1.8076171875,1.8076171875,-0.6826171875,0.003452301025390625,0.003177642822265625,0.003398895263671875,-0.0037288665771484375,-0.0034275054931640625,-0.00438690185546875,0.1552734375,0.041107177734375,0.05023193359375,0.041107177734375,6.30859375,0.00913238525390625
1717772717,986449852,,DC1,DC2,DC3,DC4,DC5,DC6,-2.033203125,-2.033203125,-0.64990234375,1.521484375,1.521484375,-0.8359375,0.0027618408203125,0.0025424957275390625,0.0027179718017578125,-0.00298309326171875,-0.0027408599853515625,-0.0035076141357421875,0.1781005859375,0.038818359375,0.038818359375,0.038818359375,6.30078125,0.0182647705078125
1717772718,36444426,,DC1,DC2,DC3,DC4,DC5,DC6,-2.330078125,-2.330078125,-0.80517578125,1.68359375,1.68359375,-0.67626953125,0.0017681121826171875,0.0016269683837890625,0.00217437744140625,-0.0023860931396484375,-0.002193450927734375,-0.0028057098388671875,0.1597900390625,0.038818359375,0.07305908203125,0.047943115234375,6.3046875,0.0182647705078125
1717772718,86377572,,DC1,DC2,DC3,DC4,DC5,DC6,-2.23828125,-2.23828125,-0.72119140625,1.6865234375,1.6865234375,-0.66455078125,0.0014142990112304688,0.0013017654418945312,0.001392364501953125,-0.0015277862548828125,-0.00140380859375,-0.0022449493408203125,0.2442626953125,0.0296783447265625,0.05023193359375,0.0548095703125,6.27734375,0.0159759521484375
1717772718,136473965,,DC1,DC2,DC3,DC4,DC5,DC6,-2.404296875,-2.404296875,-0.83544921875,1.62890625,1.62890625,-0.82080078125,0.0011310577392578125,0.001041412353515625,0.0011138916015625,-0.0012216567993164062,-0.0011224746704101562,-0.0014371871948242188,0.1575927734375,0.04339599609375,0.052520751953125,0.036529541015625,6.3046875,0.0296783447265625
1717772718,187147149,,DC1,DC2,DC3,DC4,DC5,DC6,-2.1953125,-2.1953125,-0.78466796875,1.693359375,1.693359375,-0.580078125,0.0009050369262695312,0.0008330345153808594,0.0008907318115234375,-0.0009775161743164062,-0.0008983612060546875,-0.0011491775512695312,0.1507568359375,0.0867919921875,0.05706787109375,0.047943115234375,6.33203125,0.025115966796875
1717772718,236459874,,DC1,DC2,DC3,DC4,DC5,DC6,-1.94140625,-1.94140625,-0.8037109375,1.740234375,1.740234375,-0.47216796875,0.0005793571472167969,0.0005331039428710938,0.0007128715515136719,-0.000782012939453125,-0.0007185935974121094,-0.0009198188781738281,0.162109375,0.047943115234375,0.059356689453125,0.04339599609375,6.2421875,0.013702392578125
1717772718,286473003,,DC1,DC2,DC3,DC4,DC5,DC6,-2.796875,-2.796875,-1.0498046875,1.8828125,1.7109375,-0.537109375,0.0004634857177734375,0.0004265308380126953,0.00045609474182128906,-0.0005006790161132812,-0.0005750656127929688,-0.0007357597351074219,0.1461181640625,0.05023193359375,0.045654296875,0.045654296875,6.31640625,0.025115966796875
1717772718,336621942,,DC1,DC2,DC3,DC4,DC5,DC6,-2.0234375,-2.0234375,-0.76416015625,1.67578125,1.67578125,-0.68701171875,0.0003707408905029297,0.00034117698669433594,0.0003647804260253906,-0.00040030479431152344,-0.00036787986755371094,-0.00047087669372558594,0.1575927734375,0.07763671875,0.05023193359375,0.04339599609375,6.26953125,0.038818359375
1717772718,386485986,,DC1,DC2,DC3,DC4,DC5,DC6,-1.681640625,-1.681640625,-0.767578125,1.7646484375,1.7646484375,-0.52392578125,0.00029659271240234375,0.00027298927307128906,0.0002918243408203125,-0.0003204345703125,-0.0002944469451904297,-0.00037670135498046875,0.1644287109375,0.0205535888671875,0.0548095703125,0.038818359375,6.3046875,0.0228271484375
1717772718,436477685,,DC1,DC2,DC3,DC4,DC5,DC6,-2.591796875,-2.591796875,-0.59130859375,1.9638671875,1.9638671875,-0.46435546875,0.00018978118896484375,0.00017464160919189453,0.00023353099822998047,-0.0002562999725341797,-0.00023543834686279297,-0.000301361083984375,0.1849365234375,0.041107177734375,0.0548095703125,0.059356689453125,6.328125,0.0182647705078125
1717772718,486446146,,DC1,DC2,DC3,DC4,DC5,DC6,-1.93359375,-1.93359375,-0.12939453125,1.873046875,1.7021484375,-0.2386474609375,0.0001518726348876953,0.00013971328735351562,0.0001494884490966797,-0.000164031982421875,-0.00018835067749023438,-0.0002410411834716797,0.1416015625,0.041107177734375,0.031951904296875,0.041107177734375,6.28515625,0.013702392578125
1717772718,536500113,,DC1,DC2,DC3,DC4,DC5,DC6,-2.638671875,-2.638671875,-0.460693359375,1.6982421875,1.6982421875,-0.1785888671875,0.0001214742660522461,0.00011175870895385742,0.0001195669174194336,-0.00013124942779541016,-0.00012058019638061523,-0.00015425682067871094,0.1529541015625,0.036529541015625,0.031951904296875,0.05023193359375,6.26171875,0.0182647705078125
1717772718,586626239,,DC1,DC2,DC3,DC4,DC5,DC6,-3.041015625,-3.041015625,-0.828125,1.8203125,1.8203125,-0.28662109375,9.721517562866211e-05,8.940696716308594e-05,9.566545486450195e-05,-0.00010496377944946289,-9.644031524658203e-05,-0.0001233816146850586,0.143798828125,0.052520751953125,0.031951904296875,0.041107177734375,6.26953125,0.0182647705078125
1717772718,636340615,,DC1,DC2,DC3,DC4,DC5,DC6,-2.666015625,-2.666015625,-0.260986328125,1.765625,1.765625,-0.207275390625,6.222724914550781e-05,5.7220458984375e-05,7.653236389160156e-05,-8.398294448852539e-05,-7.718801498413086e-05,-9.876489639282227e-05,0.1416015625,0.036529541015625,0.041107177734375,0.047943115234375,6.26953125,0.0182647705078125
1717772718,686480308,,DC1,DC2,DC3,DC4,DC5,DC6,-2.25,-2.25,-0.13818359375,1.82421875,1.8583984375,-0.1536865234375,4.976987838745117e-05,4.57763671875e-05,4.8995018005371094e-05,-5.3763389587402344e-05,-6.175041198730469e-05,-7.897615432739258e-05,0.1324462890625,0.041107177734375,0.041107177734375,0.038818359375,6.27734375,0.0159759521484375
1717772718,736668789,,DC1,DC2,DC3,DC4,DC5,DC6,-2.734375,-2.734375,-0.66259765625,1.728515625,1.728515625,-0.1597900390625,3.981590270996094e-05,3.6656856536865234e-05,3.916025161743164e-05,-4.297494888305664e-05,-3.9517879486083984e-05,-5.054473876953125e-05,0.162109375,0.041107177734375,0.04339599609375,0.052520751953125,6.2890625,0.00913238525390625
1717772718,786521761,,DC1,DC2,DC3,DC4,DC5,DC6,-2.0078125,-2.0078125,-0.1964111328125,1.8662109375,1.8662109375,-0.0836181640625,3.1828880310058594e-05,2.9325485229492188e-05,3.135204315185547e-05,-3.439188003540039e-05,-3.159046173095703e-05,-4.0471553802490234e-05,0.1461181640625,0.038818359375,0.05023193359375,0.06390380859375,6.27734375,0.0205535888671875
1717772718,836460295,,DC1,DC2,DC3,DC4,DC5,DC6,-2.927734375,-2.927734375,-0.366943359375,1.869140625,1.869140625,-0.138427734375,2.0384788513183594e-05,1.8775463104248047e-05,2.5093555450439453e-05,-2.753734588623047e-05,-2.5272369384765625e-05,-3.236532211303711e-05,0.143798828125,0.041107177734375,0.038818359375,0.036529541015625,6.3125,0.013702392578125
1717772718,886462396,,DC1,DC2,DC3,DC4,DC5,DC6,-2.73046875,-2.73046875,-0.5283203125,1.6767578125,1.8330078125,-0.1630859375,1.633167266845703e-05,1.5020370483398438e-05,1.6033649444580078e-05,-1.7583370208740234e-05,-2.0205974578857422e-05,-2.586841583251953e-05,0.130126953125,0.036529541015625,0.038818359375,0.045654296875,6.28515625,0.0228271484375
1717772718,936552337,,DC1,DC2,DC3,DC4,DC5,DC6,-2.490234375,-2.490234375,-0.95263671875,1.76953125,1.76953125,-0.2388916015625,1.3053417205810547e-05,1.1980533599853516e-05,1.2814998626708984e-05,-1.4066696166992188e-05,-1.2934207916259766e-05,-1.6570091247558594e-05,0.1416015625,0.0296783447265625,0.045654296875,0.036529541015625,6.2890625,0.0205535888671875
1717772718,986578380,,DC1,DC2,DC3,DC4,DC5,DC6,-2.4921875,-2.4921875,-0.306640625,1.705078125,1.705078125,-0.1202392578125,1.043081283569336e-05,9.59634780883789e-06,1.0251998901367188e-05,-1.1265277862548828e-05,-1.0371208190917969e-05,-1.3232231140136719e-05,0.1461181640625,0.04339599609375,0.03424072265625,0.041107177734375,6.30078125,0.0159759521484375
1717772719,36466092,,DC1,DC2,DC3,DC4,DC5,DC6,-2.5703125,-2.5703125,-0.373779296875,1.5537109375,1.5537109375,-0.3046875,6.67572021484375e-06,6.139278411865234e-06,8.225440979003906e-06,-9.000301361083984e-06,-8.285045623779297e-06,-1.0609626770019531e-05,0.1461181640625,0.045654296875,0.036529541015625,0.036529541015625,6.28515625,0.01141357421875
1717772719,87023657,,DC1,DC2,DC3,DC4,DC5,DC6,-2.3359375,-2.3359375,-0.451171875,1.8037109375,1.8037109375,-0.1771240234375,5.364418029785156e-06,4.887580871582031e-06,5.245208740234375e-06,-7.212162017822266e-06,-6.616115570068359e-06,-8.463859558105469e-06,0.1416015625,0.045654296875,0.036529541015625,0.05706787109375,6.3046875,0.02740478515625
1717772719,136503783,,DC1,DC2,DC3,DC4,DC5,DC6,-2.505859375,-2.505859375,-0.2783203125,1.83203125,1.83203125,-0.1466064453125,4.291534423828125e-06,3.933906555175781e-06,4.231929779052734e-06,-4.589557647705078e-06,-4.231929779052734e-06,-5.424022674560547e-06,0.143798828125,0.03424072265625,0.03424072265625,0.03424072265625,6.30078125,0.0159759521484375
1717772719,186760257,,DC1,DC2,DC3,DC4,DC5,DC6,-2.494140625,-2.494140625,-0.383544921875,1.91015625,1.91015625,-0.154296875,3.3974647521972656e-06,3.159046173095703e-06,3.337860107421875e-06,-3.6954879760742188e-06,-3.3974647521972656e-06,-4.351139068603516e-06,0.1461181640625,0.02740478515625,0.038818359375,0.038818359375,6.31640625,0.01141357421875
1717772719,236457559,,DC1,DC2,DC3,DC4,DC5,DC6,-2.126953125,-1.73046875,0.219970703125,1.7705078125,1.7705078125,-0.17529296875,2.205371856689453e-06,2.5033950805664062e-06,2.682209014892578e-06,-2.9802322387695312e-06,-2.7418136596679688e-06,-3.4570693969726562e-06,0.1575927734375,0.047943115234375,0.03424072265625,0.047943115234375,6.30078125,0.0182647705078125
1717772719,286421602,,DC1,DC2,DC3,DC4,DC5,DC6,-2.091796875,-2.091796875,-0.13671875,1.763671875,1.79296875,-0.1873779296875,1.7285346984863281e-06,1.6093254089355469e-06,1.7285346984863281e-06,-1.9073486328125e-06,-2.1457672119140625e-06,-2.8014183044433594e-06,0.1507568359375,0.038818359375,0.04339599609375,0.045654296875,6.26953125,0.0182647705078125
1717772719,336657193,,DC1,DC2,DC3,DC4,DC5,DC6,-2.53515625,-2.53515625,-0.52197265625,1.755859375,1.755859375,-0.2418212890625,1.3709068298339844e-06,1.3113021850585938e-06,1.3709068298339844e-06,-1.4901161193847656e-06,-1.3709068298339844e-06,-1.7881393432617188e-06,0.143798828125,0.038818359375,0.02740478515625,0.036529541015625,6.3125,0.013702392578125
1717772719,386698463,,DC1,DC2,DC3,DC4,DC5,DC6,-2.4375,-2.4375,-0.6220703125,1.826171875,1.826171875,-0.1304931640625,1.1324882507324219e-06,1.0132789611816406e-06,1.1324882507324219e-06,-1.1920928955078125e-06,-1.1324882507324219e-06,-1.430511474609375e-06,0.1529541015625,0.031951904296875,0.03424072265625,0.041107177734375,6.29296875,0.0159759521484375
1717772719,436373913,,DC1,DC2,DC3,DC4,DC5,DC6,-2.302734375,-2.302734375,0.048797607421875,1.791015625,1.791015625,-0.154296875,7.152557373046875e-07,6.556510925292969e-07,8.940696716308594e-07,-9.5367431640625e-07,-8.940696716308594e-07,-1.1324882507324219e-06,0.143798828125,0.038818359375,0.036529541015625,0.036529541015625,6.30078125,0.0205535888671875
1717772719,486482192,,DC1,DC2,DC3,DC4,DC5,DC6,-2.2421875,-2.2421875,-0.175048828125,1.888671875,1.607421875,-0.242431640625,5.960464477539062e-07,5.364418029785156e-07,5.364418029785156e-07,-5.960464477539062e-07,-7.152557373046875e-07,-8.940696716308594e-07,0.1324462890625,0.036529541015625,0.04339599609375,0.045654296875,6.31640625,0.02740478515625
1717772719,536557122,,DC1,DC2,DC3,DC4,DC5,DC6,-2.107421875,-2.107421875,-0.73828125,1.8359375,1.8359375,-0.1859130859375,4.76837158203125e-07,4.172325134277344e-07,4.76837158203125e-07,-4.76837158203125e-07,-4.76837158203125e-07,-5.960464477539062e-07,0.1461181640625,0.041107177734375,0.036529541015625,0.036529541015625,6.3046875,0.0228271484375
1717772719,586610012,,DC1,DC2,DC3,DC4,DC5,DC6,-2.62109375,-2.62109375,-0.6015625,1.8076171875,1.8076171875,-0.1920166015625,3.5762786865234375e-07,3.5762786865234375e-07,3.5762786865234375e-07,-4.172325134277344e-07,-3.5762786865234375e-07,-4.76837158203125e-07,0.1484375,0.045654296875,0.059356689453125,0.041107177734375,6.296875,0.0228271484375
1717772719,636419691,,DC1,DC2,DC3,DC4,DC5,DC6,-2.134765625,-2.134765625,-0.62646484375,1.7578125,1.7578125,-0.275634765625,2.384185791015625e-07,2.384185791015625e-07,2.980232238769531e-07,-2.980232238769531e-07,-2.980232238769531e-07,-3.5762786865234375e-07,0.143798828125,0.031951904296875,0.041107177734375,0.038818359375,6.29296875,0.013702392578125
1717772719,686419459,,DC1,DC2,DC3,DC4,DC5,DC6,-2.4453125,-2.4453125,-0.29443359375,1.7412109375,1.705078125,-0.24365234375,1.7881393432617188e-07,1.7881393432617188e-07,1.7881393432617188e-07,-1.7881393432617188e-07,-2.384185791015625e-07,-2.980232238769531e-07,0.1416015625,0.041107177734375,0.036529541015625,0.038818359375,6.3046875,0.0182647705078125
1717772719,736409680,,DC1,DC2,DC3,DC4,DC5,DC6,-2.44921875,-2.44921875,-0.81005859375,1.8076171875,1.8076171875,-0.09503173828125,1.7881393432617188e-07,1.1920928955078125e-07,1.1920928955078125e-07,-1.7881393432617188e-07,-1.7881393432617188e-07,-1.7881393432617188e-07,0.1461181640625,0.041107177734375,0.036529541015625,0.036529541015625,6.3046875,0.0159759521484375
1717772719,786636295,,DC1,DC2,DC3,DC4,DC5,DC6,-2.2421875,-2.2421875,-0.314453125,1.833984375,1.833984375,-0.06195068359375,1.1920928955078125e-07,1.1920928955078125e-07,1.1920928955078125e-07,-1.1920928955078125e-07,-1.1920928955078125e-07,-1.7881393432617188e-07,0.143798828125,0.047943115234375,0.038818359375,0.045654296875,6.3046875,0.0205535888671875
1717772719,836447507,,DC1,DC2,DC3,DC4,DC5,DC6,-2.0625,-2.0625,0.09686279296875,1.7734375,1.7734375,-0.1953125,5.960464477539063e-08,5.960464477539063e-08,1.1920928955078125e-07,-1.1920928955078125e-07,-1.1920928955078125e-07,-1.1920928955078125e-07,0.1507568359375,0.0548095703125,0.03424072265625,0.045654296875,6.296875,0.031951904296875
1717772719,886588180,,DC1,DC2,DC3,DC4,DC5,DC6,-2.7109375,-2.7109375,-0.5947265625,1.83984375,1.8916015625,-0.1375732421875,5.960464477539063e-08,5.960464477539063e-08,5.960464477539063e-08,-5.960464477539063e-08,-5.960464477539063e-08,-1.1920928955078125e-07,0.143798828125,0.036529541015625,0.0296783447265625,0.036529541015625,6.296875,0.01141357421875
1717772719,936462903,,DC1,DC2,DC3,DC4,DC5,DC6,-2.55078125,-2.55078125,-0.4619140625,1.748046875,1.748046875,-0.208740234375,5.960464477539063e-08,5.960464477539063e-08,5.960464477539063e-08,-5.960464477539063e-08,-5.960464477539063e-08,-5.960464477539063e-08,0.1484375,0.04339599609375,0.038818359375,0.036529541015625,6.30078125,0.013702392578125
1717772719,987304431,,DC1,DC2,DC3,DC4,DC5,DC6,-2.2734375,-2.2734375,-0.1785888671875,1.919921875,1.919921875,-0.037017822265625,5.960464477539063e-08,5.960464477539063e-08,5.960464477539063e-08,-5.960464477539063e-08,-5.960464477539063e-08,-5.960464477539063e-08,0.1529541015625,0.041107177734375,0.03424072265625,0.038818359375,6.31640625,0.0159759521484375
1717772720,36450816,,DC1,DC2,DC3,DC4,DC5,DC6,-1.6748046875,-1.6748046875,-0.26025390625,1.857421875,1.857421875,-0.224853515625,0.0,0.0,5.960464477539063e-08,-5.960464477539063e-08,-5.960464477539063e-08,-5.960464477539063e-08,0.143798828125,0.036529541015625,0.036529541015625,0.041107177734375,6.24609375,0.0159759521484375
